CARID,CUSTID,MODEL,DESCR,VIN,LICPLATE
62000000,10000004,BMW,BMW M4,KM671CB31K2A5L6G1,5349-WF-7
62000001,10000000,Opel,Opel Insignia,DXW22V9MQRXFA3D38,5587-CP-4
62000002,10000001,Opel,Opel Insignia,GAKP3Q77K8S6PSQ47,3353-DC-7
62000003,10000003,VW,VW Golf 4,21T9C3P24C1NFV2L2,2514-EX-1
62000004,10000002,Audi,Audi A4,T9C2QVSGX274RG2YD,9941-VA-6
62000005,10000001,Toyota,Toyota RAV4,Y1795KH4B292VYR8W,5683-SL-7
62000006,10000001,Audi,Audi A4,YC2Y1WZ94X9YE03U1,9217-NI-5
62000007,10000004,Opel,Opel Astra H,7M27AEE0157IU1A0P,3407-YB-7
62000008,10000001,Opel,Opel Insignia,X886VUIJ49XH0JCWC,5186-XW-7
62000009,10000001,Audi,Audi A7,DAULO5MYTP4J177G4,0791-XL-7
62000010,10000003,Opel,Opel Astra H,99N58K2HP5235Q320,9420-OC-1
62000011,10000000,BMW,BMW X6,NF6659JBP0I2211EB,4907-LC-7
62000012,10000001,VW,VW Golf 4,I2FQ855143N6235U2,5535-ZG-6
62000013,10000003,Opel,Opel Astra H,7G4EE83778G5D42IJ,5872-YN-7
62000014,10000002,VW,VW Golf 4,USAE7Y17J63T7SL34,6693-WH-6
62000015,10000000,BMW,BMW M4,SRHT0QP22TQ1268TD,3893-QE-3
62000016,10000003,Tesla,Tesla Model S,F5K162FUXC16103S2,2467-CY-5
62000017,10000002,Opel,Opel Astra H,F3B1423BERXN9IV54,0815-XB-6
62000018,10000002,VW,VW Jetta,D6LBKJ960425IK10U,6637-LH-6
62000019,10000001,VW,VW Golf 5,P0U0RH4Y496Y7UXRU,5624-RC-5
62000020,10000002,BMW,BMW X6,38D4Q7585NY4U0F1H,7785-HZ-2
62000021,10000002,Opel,Opel Astra H,65706ZY4V7LE1U823,0281-MJ-6
62000022,10000004,BMW,BMW X6,3EWV2YV5F6FB8292S,7647-XA-7
62000023,10000003,Opel,Opel Corsa,LFX191U038Q40EI0P,8067-HS-7
62000024,10000002,Opel,Opel Astra H,JRQJNLYQ86EC6LY7Z,6087-ZY-3
62000025,10000000,VW,VW Golf 5,P88HX5J7CQC759R4M,8839-BU-7
62000026,10000004,Opel,Opel Astra H,XE7ORFH1R88934DNU,0343-TL-7
62000027,10000003,VW,VW Golf 4,U7G1RA44C50681QW3,4966-VY-5
62000028,10000004,BMW,BMW M4,1489TO479IKOQ9FQK,6363-DH-7
62000029,10000002,Audi,Audi A7,F129BA14AZ0898T3Q,8972-GY-7
62000030,10000002,Opel,Opel Insignia,K43S0BB68Q9EXE5Y0,9531-YM-5
62000031,10000003,Audi,Audi A4,D6P8548L8GTULT339,7151-KG-7
62000032,10000001,Opel,Opel Astra H,CLZ8PNI9MFVH27861,7922-BE-6
62000033,10000000,Opel,Opel Insignia,BQT6SJF6H9K1I1QZ4,7641-XW-5
62000034,10000001,Toyota,Toyota Camry,4F900XO6RML8855FP,7309-GM-3
62000035,10000003,VW,VW Golf 5,27I8E6T522XXO5879,0929-MA-7
62000036,10000004,Audi,Audi A4,W126407998X6XXXEZ,4257-AS-6
62000037,10000003,BMW,BMW M4,5O3W2TF8R69YX9T7X,1330-UJ-6
62000038,10000002,Audi,Audi A6,X3S99J780VLR0C14S,0374-LF-5
62000039,10000000,BMW,BMW M4,05O792LA53DRC3Z97,2696-DH-7
62000040,10000002,Toyota,Toyota Camry,7Z5H0XZ3XZ51NT90B,1216-AF-7
62000041,10000003,Audi,Audi A6,72Z7S046GQ4129G3P,2502-PE-6
62000042,10000000,Opel,Opel Astra H,O292I0N5491IO4TCD,2746-NO-6
62000043,10000001,VW,VW Jetta,8MO319V5VU4ZAK237,8553-JE-6
62000044,10000000,Opel,Opel Corsa,H7NRSMRB8OMB9B097,8752-RJ-5
62000045,10000003,VW,VW Golf 4,J7THWD5VVU034944R,8466-GS-7
62000046,10000001,Opel,Opel Astra H,J43EXH8CLU20981A7,4021-PR-7
62000047,10000003,Toyota,Toyota RAV4,0LILU61PI600HCMR4,3212-MW-7
62000048,10000004,Toyota,Toyota RAV4,4F3WU6H55ZD2N2X3I,0659-LO-7
62000049,10000002,Audi,Audi A7,IL7NFWO9EE53FWP9M,5132-SF-7
62000050,10000001,Toyota,Toyota Camry,VSC3OT9UX5E2JNJ7I,4018-NA-4
62000051,10000002,Audi,Audi A7,88O1XZ17V2OL90Z3M,3759-KU-6
62000052,10000003,VW,VW Jetta,1Z63L0AO5B8W6Z43P,9062-LT-7
62000053,10000003,Opel,Opel Corsa,6CPFQ09856KBF3751,4106-VK-7
62000054,10000002,VW,VW Jetta,4IGB87F3Z84Q77LHO,9905-IG-1
62000055,10000001,BMW,BMW M4,4KC7ON772Q47202P8,8168-RU-6
62000056,10000000,Toyota,Toyota RAV4,U5VZNBYW79J2S1KXX,4007-CP-5
62000057,10000000,BMW,BMW M4,A3OGP9YT112Z0P48H,0361-LF-3
62000058,10000004,Audi,Audi A7,WMJ7047UWH35389D9,7492-IG-7
62000059,10000002,VW,VW Jetta,257HI6034K0NR1QM9,3082-ZN-7
62000060,10000001,Opel,Opel Insignia,PXU05UN55UOS5KI86,1204-SZ-7
62000061,10000004,Audi,Audi A7,2Y562C1XXGWW20140,5158-WU-7
62000062,10000004,Opel,Opel Corsa,HJICHYY37Y565MZOK,8604-AI-7
62000063,10000003,VW,VW Golf 5,RG55KI3HUO6SH701J,9104-YE-6
62000064,10000003,BMW,BMW M4,5O3Y42672A0386Y5R,1321-KD-7
62000065,10000000,Opel,Opel Corsa,1OVZ78G759Q33Y291,6382-OF-7
62000066,10000004,VW,VW Jetta,51NORPPD2S3M9VM29,0534-GZ-7
62000067,10000000,Toyota,Toyota RAV4,CZ252V5347ZF75E3H,2214-LZ-7
62000068,10000001,Audi,Audi A7,82O97JRX1G0H4GBQN,2886-SI-7
62000069,10000001,BMW,BMW X6,1RN0BX90B0V96Y3D9,3121-IV-7
62000070,10000002,Audi,Audi A6,NLBHI6UN61IT01EV9,6503-VC-2
62000071,10000004,BMW,BMW X6,SIBPJ633512GM3X72,1604-EP-7
62000072,10000002,BMW,BMW M4,WBF596491Y6WK5367,1531-RV-6
62000073,10000000,Toyota,Toyota RAV4,VA6U0U8XT49C77462,5152-HJ-6
62000074,10000000,VW,VW Golf 4,122P480Q6W0YT65F8,5102-SO-6
62000075,10000003,BMW,BMW M4,2GZPH61724FD7A6D3,3681-DA-7
62000076,10000004,Audi,Audi A6,APW9GOU9IB532HR3I,6464-UG-7
62000077,10000003,Tesla,Tesla Model S,Q22II15AH41OJE42C,0454-DR-5
62000078,10000000,Tesla,Tesla Model S,N93U1IE562C6D1MUE,4556-EO-7
62000079,10000003,Audi,Audi A4,MGAP8UV0544QH36W0,0232-EW-7
62000080,10000000,BMW,BMW X6,5516W1VE96PAVX4K6,4408-WJ-7
62000081,10000004,Audi,Audi A4,DH78IW33FTZ4612SI,7327-DS-7
62000082,10000002,Opel,Opel Insignia,J1R27CRB012219G85,8439-BX-6
62000083,10000004,BMW,BMW M3,C6F564OU4VL6T2033,9107-YZ-7
62000084,10000000,Opel,Opel Corsa,TOVT89E474920362T,6996-KC-6
62000085,10000003,Toyota,Toyota Camry,465VGVO445CDAHP22,5391-FJ-6
62000086,10000000,Opel,Opel Astra H,16H060U68P3MUCLKE,1395-CX-5
62000087,10000003,Tesla,Tesla Model S,31A4UY337192A11H7,1773-ZR-5
62000088,10000001,Toyota,Toyota Camry,MCDE9CSD497H8369I,5956-VC-7
62000089,10000001,BMW,BMW X6,L0O1QGXL7HWIF1OBD,2867-GU-7
62000090,10000000,VW,VW Jetta,51W63V361QPON0O39,1483-VW-7
62000091,10000001,Audi,Audi A7,563PMZ0617URN0330,3127-PN-6
62000092,10000001,VW,VW Jetta,OW18S2R2XRSO439GN,0695-DW-6
62000093,10000001,Toyota,Toyota Camry,495P0F7IP9D79LIG9,2796-YX-5
62000094,10000003,Tesla,Tesla Model S,01ILFNKH2P5JHH2O9,6719-ED-6
62000095,10000002,Tesla,Tesla Model S,58A2758H2Y6797807,0380-LW-7
62000096,10000002,VW,VW Golf 5,16HJ6S299Q18IMR5H,1621-VH-7
62000097,10000004,Opel,Opel Corsa,GX318S1GZ35XW436M,0917-AL-7
62000098,10000000,VW,VW Golf 4,Z4A41HG68KNF0B744,4168-ZV-6
62000099,10000004,Toyota,Toyota RAV4,88ACJX08S02TO2MY1,8662-WX-4
62000100,10000003,BMW,BMW X6,6A1K81EEF3P42IPC6,5775-FZ-6
62000101,10000002,Audi,Audi A4,G4KX5UU1T34N786VQ,1539-FU-7
62000102,10000003,Opel,Opel Corsa,5S544ORQI95V5K6J6,9102-QX-5
62000103,10000000,Opel,Opel Corsa,350UFZ4473R06DO9I,7493-LS-7
62000104,10000001,Audi,Audi A6,A4FCBQL95S1AZT697,4303-BJ-7
62000105,10000003,Toyota,Toyota RAV4,INUEV3NIQ0OXJ2A42,5323-VI-7
62000106,10000003,Audi,Audi A4,Y14BN615O604LLQF6,8385-PH-7
62000107,10000002,VW,VW Jetta,IBN8W9BP11PT16K7K,4692-YZ-7
62000108,10000001,BMW,BMW X6,2RMLCCH4904YF62X6,0167-LE-7
62000109,10000001,Audi,Audi A6,I8F649HAPZ8ZMW384,9319-IH-7
62000110,10000002,Toyota,Toyota Camry,OBF2GPSIR3TJ8OT5W,2512-FQ-7
62000111,10000003,Opel,Opel Astra H,P20UXYAF133W2BC0F,9826-ZM-7
62000112,10000003,Opel,Opel Astra H,1JZB0JX8Q8BR9872Q,8537-RS-7
62000113,10000003,Opel,Opel Corsa,K9CTCV7ZQ3C002ZP7,8785-ZR-7
62000114,10000004,BMW,BMW M3,2K766W62N7D4079HO,5006-VH-7
62000115,10000001,Audi,Audi A4,Q7K1O444L4MY8IO0W,9238-YV-7
62000116,10000002,VW,VW Jetta,A60E4E110TH588UB1,4238-KI-7
62000117,10000004,Audi,Audi A6,7IC69K1DH15VWPD40,6166-LK-6
62000118,10000004,Tesla,Tesla Model S,E4X7R5S6MO90R8G8U,1258-DB-7
62000119,10000004,Toyota,Toyota Camry,NXNOR4JP1ACVE42D2,1466-TM-5
62000120,10000003,Audi,Audi A6,8X01LR8AVHN252LMV,5810-LR-5
62000121,10000000,VW,VW Jetta,DP0JJM34LL2IXF932,5955-OH-7
62000122,10000002,Opel,Opel Insignia,705JH933ZK87L9854,8356-TP-4
62000123,10000000,BMW,BMW M4,I8OG8678EW1R25BT9,7084-KS-7
62000124,10000004,VW,VW Golf 4,PI149E1SE436XX0CE,7880-XO-5
62000125,10000002,Toyota,Toyota Camry,VZ9K8690667H1E1QH,0397-IR-6
62000126,10000003,Opel,Opel Corsa,6Y4F3I4254INBW64A,8359-PQ-7
62000127,10000000,VW,VW Jetta,66DA8I482733252KY,1352-WU-6
62000128,10000001,Audi,Audi A7,9JS8B4XIS098ZLEF4,4039-NP-5
62000129,10000000,Audi,Audi A6,YO22A63084WHMZ8B8,9031-YF-7
62000130,10000000,Audi,Audi A6,8C3R6JSWP284OI8JY,0435-FQ-7
62000131,10000001,BMW,BMW X6,GN706P5VEUT5024F3,1418-IS-7
62000132,10000000,BMW,BMW M4,E3XBP0L632RAJD902,1916-MV-5
62000133,10000004,Audi,Audi A7,16IQ720RM0BD4GGZ7,5988-CM-7
62000134,10000004,Toyota,Toyota RAV4,NYU23BB74RAKI428I,3100-GD-4
62000135,10000001,Opel,Opel Astra H,04A7IHTSQT5Q9CY70,5813-YO-7
62000136,10000004,Opel,Opel Insignia,4OWUFTO89ZFDFJOC8,6714-FI-5
62000137,10000000,VW,VW Jetta,I3488O0666H0AZL02,2860-NC-7
62000138,10000003,BMW,BMW X6,Z83K12EX3D26FANAR,7515-YT-4
62000139,10000002,Audi,Audi A4,11V21Y2HMK7X31E38,4205-DA-7
62000140,10000001,VW,VW Golf 4,709D3P7D3481Z2694,4880-QK-6
62000141,10000004,Audi,Audi A6,X6993Q6CO1GD1T6M6,1860-AG-7
62000142,10000001,Opel,Opel Astra H,M546WI7UZIB3C65O6,2093-WN-5
62000143,10000003,Toyota,Toyota RAV4,32CERT4Y7T48V4UOC,2287-UL-7
62000144,10000000,VW,VW Jetta,4V233X6E63TQYZD76,7581-NU-3
62000145,10000001,VW,VW Golf 4,70A072FIVJ3370VQ8,6172-TV-7
62000146,10000000,BMW,BMW M3,JB9853N9S9UK8Z13D,9119-XZ-6
62000147,10000001,Opel,Opel Astra H,0UZD3727N187V1KN3,5922-SB-7
62000148,10000002,Opel,Opel Corsa,05OD1IL6F9U5SP3L7,3405-KY-7
62000149,10000001,BMW,BMW X6,33DJM5UV9PEMGZ053,7227-NZ-6
62000150,10000004,BMW,BMW X6,LNYS22ITGNQK05WZO,6926-AR-7
62000151,10000002,VW,VW Golf 4,OZ5RQSY5481V00916,2327-EZ-7
62000152,10000002,Audi,Audi A4,23W02138Q0W75937C,8169-NI-6
62000153,10000003,BMW,BMW M4,A408L1YW1V2T864E3,6495-TS-7
62000154,10000004,Opel,Opel Astra H,RV857TKK1529B29N0,1624-RP-4
62000155,10000004,Audi,Audi A4,3V7MZ0ZBRN2Z72GY2,7683-WF-6
62000156,10000000,Toyota,Toyota RAV4,56H6Y065Z9OTRF5AS,5760-QU-5
62000157,10000003,Audi,Audi A7,89TLN805GG9RG76LL,7479-OQ-5
62000158,10000000,Toyota,Toyota RAV4,6D59QK4U65P4G6P06,5056-IK-7
62000159,10000001,Tesla,Tesla Model S,1984G57HN49D2E041,6866-ES-7
62000160,10000000,VW,VW Golf 5,D50ZUL3GF5J22O759,9264-ID-7
62000161,10000003,Audi,Audi A6,3B73PJ4538Z163N12,4272-FW-7
62000162,10000003,VW,VW Jetta,FTP2GV6636JHJ3T5L,1876-UL-7
62000163,10000002,Audi,Audi A6,4629V70JJW12KP3A7,9955-EM-6
62000164,10000004,BMW,BMW M4,JWCWG9Y43HUZU4TOF,2827-MY-6
62000165,10000003,BMW,BMW X6,C085C787121G14CG4,1058-UX-4
62000166,10000000,Opel,Opel Corsa,5B42A1V30SJ42F3D9,5817-GB-7
62000167,10000004,Opel,Opel Insignia,7C1A3XWOM97485U01,5129-YV-6
62000168,10000001,Opel,Opel Corsa,QQ61BWXM7E3EG9AWZ,7172-QH-5
62000169,10000003,Audi,Audi A4,10NU69JPPB0VO4O8E,6513-NY-6
62000170,10000001,BMW,BMW X6,R08SGI8ONQKD43N27,3514-IA-7
62000171,10000003,Audi,Audi A7,734O41LO9M3U22572,6279-HP-7
62000172,10000004,VW,VW Golf 5,42W92786380H0480M,1514-FS-5
62000173,10000002,Toyota,Toyota Camry,03K64UB0X5DI7GM7Q,6156-MY-7
62000174,10000004,VW,VW Golf 5,88821X4260RYW10RW,1582-JN-7
62000175,10000003,Tesla,Tesla Model S,01S858679HA2Q3BL4,2065-OR-7
62000176,10000001,BMW,BMW X6,JX0P06N4T5782BD0C,7942-XY-6
62000177,10000000,Audi,Audi A4,36U3H43GXRJE7CN0T,4446-AM-5
62000178,10000000,VW,VW Golf 4,HH1L8WOAI75YC4FI1,2299-HI-5
62000179,10000000,Opel,Opel Insignia,OUNMT088D94906HVL,7871-AZ-6
62000180,10000000,VW,VW Golf 5,5AYK1YPR9L502IWN8,3298-HP-7
62000181,10000004,Tesla,Tesla Model S,JU97Y40B2SB90K6ZU,6577-SZ-5
62000182,10000002,VW,VW Jetta,1784ORA2O1OT8Q415,9744-ZP-1
62000183,10000001,Opel,Opel Insignia,0A3VN6FC3Y2BB4985,6779-GO-7
62000184,10000003,VW,VW Jetta,7Q0TMV97C9344L741,6546-HG-5
62000185,10000001,VW,VW Golf 5,C0JAKK5Y4B94872DM,5958-FB-7
62000186,10000002,Tesla,Tesla Model S,9X0F69GZNJ10U082X,4363-TZ-7
62000187,10000000,Opel,Opel Insignia,95CSL10WQA74WW373,4535-WR-5
62000188,10000000,Opel,Opel Corsa,5QC7H76GT48SE4QG4,0292-LT-7
62000189,10000004,Audi,Audi A6,81987V1NO65807ST5,5754-HB-7
62000190,10000001,Audi,Audi A6,9I37647812SN29421,0586-CH-5
62000191,10000003,BMW,BMW M3,8864HZ4MY3SJG091K,1021-RK-7
62000192,10000001,Toyota,Toyota Camry,6O5HT4Q032W923N49,8579-OX-7
62000193,10000003,BMW,BMW M4,7R74D09P713652Q66,4477-PK-7
62000194,10000001,Opel,Opel Corsa,6H723MBT33MK44492,7373-AF-5
62000195,10000003,Audi,Audi A7,4R5C298R017F32IUQ,0552-LX-7
62000196,10000000,Toyota,Toyota RAV4,09HZM446744KPPLLF,6916-RC-6
62000197,10000002,Opel,Opel Corsa,9ZG8JD9VQ4H4G17D8,6433-CK-7
62000198,10000004,Toyota,Toyota Camry,XUJ650LMM4513T8OT,1979-GU-6
62000199,10000001,VW,VW Jetta,6CTO64L3131LG2JE2,8656-PJ-6
62000200,10000002,Opel,Opel Astra H,962IH7GXPW4A0QY1U,9977-DE-5
62000201,10000000,Toyota,Toyota Camry,M9M160BD9I996FE30,4389-ZS-7
62000202,10000000,Opel,Opel Corsa,Z0U03I11GMF4A2K75,4724-EA-7
62000203,10000002,BMW,BMW X6,501TG32CDRL7GAF63,8983-XJ-7
62000204,10000003,Opel,Opel Astra H,5262AVU9K9R9AMC08,3616-TO-6
62000205,10000001,Opel,Opel Insignia,62O75E824WHJ2YDHK,6656-OG-5
62000206,10000002,Audi,Audi A7,G60SO3FKB1YQE580C,6426-TU-7
62000207,10000000,Audi,Audi A7,3M93312ZK3TS6KPG8,4128-CL-7
62000208,10000002,Tesla,Tesla Model S,6EC0UQX8QCSMK5NHT,3504-MF-3
62000209,10000002,Audi,Audi A4,3TVG1I8IGCUPL7Y2N,6856-SG-7
62000210,10000004,VW,VW Jetta,63KC05Q56P96V4IKB,8600-IK-7
62000211,10000000,Opel,Opel Astra H,H11H3E542REA03574,8486-BY-7
62000212,10000003,Toyota,Toyota Camry,H2623AQV6S9XDZI13,5126-NY-6
62000213,10000001,VW,VW Jetta,NBA7F2WFZUGK36DYI,5333-ON-5
62000214,10000000,Audi,Audi A7,WD5230G82DU4L6FX2,0638-KF-6
62000215,10000004,Toyota,Toyota RAV4,M7E5963KE9J71KHK5,1443-VJ-7
62000216,10000004,Toyota,Toyota RAV4,0Y765H97YDD8CA7AC,3717-TO-5
62000217,10000002,BMW,BMW X6,266C8069TD2XCC149,6050-FA-7
62000218,10000003,Opel,Opel Astra H,A7201J30ADR7A8J6O,6709-AZ-6
62000219,10000004,Opel,Opel Corsa,N39Z9K4976M393OGT,4455-CB-6
62000220,10000003,Toyota,Toyota RAV4,B6DVM63839Y5G445K,7302-LT-6
62000221,10000000,Audi,Audi A4,3197E274C2CN43003,1304-CT-7
62000222,10000004,Opel,Opel Astra H,6OKEA83Q7XB2V92M6,8424-HQ-6
62000223,10000002,Audi,Audi A6,6051VDF74X7XO4N1K,0476-PV-6
62000224,10000001,Audi,Audi A4,74YXL15NS86139E82,7998-XT-7
62000225,10000004,Opel,Opel Insignia,D4Y6X3O7M4LVEBICE,3721-JZ-7
62000226,10000000,Toyota,Toyota RAV4,UGZC4D550Q187SJ6R,3148-LP-7
62000227,10000002,BMW,BMW M3,W2219PF37YS10GYN8,3709-TX-6
62000228,10000000,Audi,Audi A4,8X31V65T374Z9DTHD,1216-MX-7
62000229,10000000,Opel,Opel Corsa,Y2B1MPFB0L98M3OGX,0515-MH-6
62000230,10000002,Tesla,Tesla Model S,8YB7HLC3F7A3Q4SNF,7173-VQ-7
62000231,10000003,VW,VW Jetta,X04P07WMF3D5B1R97,2296-MJ-5
62000232,10000002,Opel,Opel Astra H,3HTID164BT2RTBZLE,8637-VH-7
62000233,10000003,Toyota,Toyota Camry,D8I7H8MA9KRWX4Q88,7911-KP-7
62000234,10000001,Opel,Opel Corsa,BZH52GTVO1C62GUK4,9963-OG-7
62000235,10000003,Opel,Opel Corsa,692L67216SP8CNF4F,8782-RT-7
62000236,10000002,VW,VW Golf 5,60M6BV66O67Q1ZU9C,6602-NV-7
62000237,10000000,VW,VW Jetta,3PO30UO9KW770J0SF,9998-JF-7
62000238,10000001,BMW,BMW X6,Y97VT31C9OT828Y91,6163-KM-4
62000239,10000000,Toyota,Toyota Camry,J52UTM8NK0Y92R14R,1040-WZ-7
62000240,10000002,Opel,Opel Insignia,RTKA1KRY7K3503A52,6390-WE-7
62000241,10000000,Opel,Opel Astra H,HM2L53GB00DAUWF0G,7908-ZN-5
62000242,10000004,Tesla,Tesla Model S,GLBW995IN2P0B444O,2129-TK-3
62000243,10000003,BMW,BMW X6,798LC1U4Q5471DH94,2552-RW-6
62000244,10000001,BMW,BMW M3,5LY3ZNIFOI106CD5I,1587-KE-5
62000245,10000002,Audi,Audi A6,H03WZD24243JDE9SB,4694-EW-6
62000246,10000004,VW,VW Golf 4,L2EH79Q0637V884S8,4337-TZ-7
62000247,10000003,Opel,Opel Insignia,6KM7865QM303IA537,7209-AK-7
62000248,10000000,BMW,BMW M3,B40DAV1VR58YI3HN8,5273-RC-7
62000249,10000003,VW,VW Golf 5,EVKYM5Y03760GM4ZZ,1942-VJ-6
62000250,10000004,Audi,Audi A6,V5M8PY903V55V8G82,1430-OW-7
62000251,10000001,VW,VW Jetta,FG45027I64FX64W94,5337-ZL-7
62000252,10000002,Audi,Audi A4,1X8IIA4J93UUA1KOS,9426-HC-6
62000253,10000000,BMW,BMW M3,F169GF8PY0O6385A1,6822-KO-4
62000254,10000004,VW,VW Jetta,JMPAS425ANOR4LEZE,9148-AM-7
62000255,10000001,VW,VW Jetta,UNDUN0RSRC3B59V1T,8275-RA-6
62000256,10000004,Audi,Audi A4,VG6O5I1EVWUP8OO8A,5189-ZS-7
62000257,10000000,Opel,Opel Corsa,KEN389O69UT5O7Q2W,4043-KL-7
62000258,10000002,VW,VW Golf 5,42NFI8JDE6CF3W4K5,1992-MH-7
62000259,10000001,Tesla,Tesla Model S,G45J1A2W4HJ8I9518,5456-OF-7
62000260,10000003,BMW,BMW M4,3N76LI6083UKB8E04,1304-QY-6
62000261,10000004,Audi,Audi A6,38Z30690S5Z9AXKOS,9771-YJ-7
62000262,10000002,Tesla,Tesla Model S,67TQS1O3M2558E5X5,7237-DF-6
62000263,10000002,Opel,Opel Astra H,7ZANBOHYX6Q4RAXRS,0444-JH-7
62000264,10000004,Tesla,Tesla Model S,2V2Z62W0B0CD1H34C,3234-UP-1
62000265,10000000,Tesla,Tesla Model S,4TL3AX2W1X3JAL920,2175-NP-6
62000266,10000004,Audi,Audi A7,21O9XH4AEKY53XT7T,3209-MO-4
62000267,10000002,Audi,Audi A4,2906AM1F4SQGZMX14,9453-HL-5
62000268,10000002,Opel,Opel Corsa,T7JYUJ7AMFE18JC24,7355-PQ-6
62000269,10000003,VW,VW Golf 4,43JAT01E49L2VRS42,0006-AU-7
62000270,10000000,BMW,BMW M4,ILY080EU7RXA30W36,7701-DT-7
62000271,10000004,BMW,BMW M4,9CU30NDKJZ4A44489,3986-CA-4
62000272,10000000,Audi,Audi A6,D6ZY572X0VLR60R2O,0958-YD-7
62000273,10000002,BMW,BMW M4,P57OI4L8V40IWVMF4,0209-KH-6
62000274,10000002,VW,VW Golf 5,7V27X2S11HH66136B,2631-AU-5
62000275,10000003,Toyota,Toyota Camry,585T720098KH2EX81,9466-XW-7
62000276,10000001,Toyota,Toyota RAV4,4594E3UG3400Z5ETQ,8524-DF-7
62000277,10000003,Opel,Opel Astra H,HK816C5K6RBPXN3KU,1062-AI-7
62000278,10000004,BMW,BMW M4,8763UJ4RTDN2NN60R,4655-KP-7
62000279,10000001,VW,VW Golf 5,46NL433747ER6LQ73,2215-NB-7
62000280,10000000,BMW,BMW M4,Z34G77583QI284BKR,9372-SD-4
62000281,10000002,VW,VW Golf 4,G4875L65W37EZYUV8,1373-JG-5
62000282,10000003,Tesla,Tesla Model S,TKGJ8T6A7E1968501,6678-TV-7
62000283,10000004,Audi,Audi A7,39O76P1P54RSBUP21,2645-PF-7
62000284,10000002,VW,VW Golf 4,9C54P1YO2CWE5UE25,0689-KP-5
62000285,10000001,Audi,Audi A6,62OXIGS2F151L9DAP,1868-FM-6
62000286,10000004,VW,VW Jetta,DBDDF06G4NDY30160,5015-JY-6
62000287,10000000,Toyota,Toyota RAV4,2977A5E4D0I772609,8942-ZE-7
62000288,10000002,Audi,Audi A7,6KX0Z57HD7S1VX69M,7661-NJ-6
62000289,10000004,VW,VW Jetta,4G6FO7B20943003T2,5524-LO-5
62000290,10000004,Toyota,Toyota Camry,3L632U0KL85DY7290,3470-TX-2
62000291,10000002,Toyota,Toyota Camry,D3N99NEPR2N5AN818,4146-NR-4
62000292,10000002,Opel,Opel Insignia,8I5GIABIV8P1LZ5QY,1589-TJ-4
62000293,10000001,Toyota,Toyota RAV4,W41S6Z8QF62HE93Y7,1920-HU-6
62000294,10000000,Audi,Audi A4,63780268EK07B1K00,3903-DS-6
62000295,10000002,Audi,Audi A4,C1Q231QE83MO9J20C,4997-MY-6
62000296,10000004,VW,VW Golf 5,8TIF1561X92X8VTN8,3021-RI-7
62000297,10000003,VW,VW Golf 4,46FT355Y66U623DZ0,9464-QY-6
62000298,10000003,BMW,BMW M3,8GKTJU5796GU8NPH8,8829-SC-7
62000299,10000001,Audi,Audi A6,2K9V71WGVPOXJ0QN6,2156-SH-7
62000300,10000002,Toyota,Toyota Camry,7475CGV881YQ6B38E,4963-DM-7
62000301,10000000,Tesla,Tesla Model S,IA1XWDB91REA8Y7AC,5065-EH-6
62000302,10000000,Tesla,Tesla Model S,37I3829H4A5L4Y5Y0,1933-XK-7
62000303,10000003,Tesla,Tesla Model S,JGU8F1KG0YG4U0HN2,0624-WR-7
62000304,10000000,Toyota,Toyota RAV4,H58693R9RF8VO7D7W,8446-LP-5
62000305,10000001,Audi,Audi A4,537NL6SQI0J79TM2N,6163-IY-7
62000306,10000004,Toyota,Toyota RAV4,8W477B3B0XGVSX39P,3587-OP-6
62000307,10000000,BMW,BMW X6,RWK36FYF9K9VOT536,4749-XQ-7
62000308,10000003,BMW,BMW M4,4IA57597MIJ18YOK2,1006-NK-5
62000309,10000002,Opel,Opel Corsa,497EC6308ZZ0Y417I,6991-YR-7
62000310,10000003,Toyota,Toyota Camry,UQ1FY9IR1KKM8OOX7,9418-XM-7
62000311,10000000,VW,VW Golf 5,E4NWY0E09SUAJ11X5,1883-XM-7
62000312,10000001,VW,VW Jetta,3EUF3Z8R446BUK5S5,6309-CY-7
62000313,10000004,VW,VW Golf 5,F59MKQ1C65201V6S4,7464-OC-5
62000314,10000004,Audi,Audi A7,X5U9310UQMXMF4CA6,3466-OE-7
62000315,10000004,Audi,Audi A4,GV697TP023E8OW275,0902-YN-6
62000316,10000002,Toyota,Toyota RAV4,M0TG6O61B43DHJF03,7192-LE-7
62000317,10000002,Toyota,Toyota Camry,22YZMCE17JH208A30,6915-FC-7
62000318,10000003,VW,VW Golf 4,8SU0SVN44DW0NDCX9,8915-ZP-7
62000319,10000004,VW,VW Golf 4,069Q0M4FEW0K9AB34,1348-IB-5
62000320,10000004,Audi,Audi A4,GY44IPF4SVCR3B7ID,3319-PS-7
62000321,10000003,Toyota,Toyota Camry,SI4B45449D2842786,2364-LR-5
62000322,10000003,Opel,Opel Corsa,T1RZD5PGO56DP00ZK,6781-WO-6
62000323,10000004,BMW,BMW M3,24271E4K446K79MM2,9148-RP-5
62000324,10000000,Toyota,Toyota Camry,UQGG1ZQSWA1KX8L9H,0586-YP-7
62000325,10000001,Opel,Opel Corsa,F30L387625GAL2SJU,5131-VS-6
62000326,10000002,Audi,Audi A4,Y25617BK826CKA111,7369-LH-7
62000327,10000004,VW,VW Jetta,GEE389OGJX480O66Z,0389-KG-6
62000328,10000004,VW,VW Golf 4,76652H6A6N850M661,2703-YV-7
62000329,10000001,Tesla,Tesla Model S,1O9FXG8O8QZTWX898,1199-JD-3
62000330,10000004,Tesla,Tesla Model S,06403G510956329N4,4264-NG-7
62000331,10000001,VW,VW Golf 5,11IA2EU1Z94YYS462,5912-YK-7
62000332,10000002,Opel,Opel Corsa,A322ONQ7L0V285O0B,3023-CA-7
62000333,10000002,BMW,BMW X6,Y2LY15RCC69HMLYFA,0909-VM-7
62000334,10000002,Opel,Opel Astra H,I9S686OTM74M16EL2,4525-ST-7
62000335,10000004,Audi,Audi A6,72J9UI5H8392PV587,0769-TN-7
62000336,10000000,VW,VW Golf 5,476CY2SODIXH157X7,1895-ZT-4
62000337,10000002,BMW,BMW M3,P45062L1PK7847RS3,0840-BX-7
62000338,10000004,BMW,BMW X6,Y7N2Q8ZAQYM28W9K4,2897-RI-7
62000339,10000001,VW,VW Jetta,KC0M027VQM2OTKOW8,1636-EA-4
62000340,10000000,Tesla,Tesla Model S,CK2248U90G365G41Z,7216-IE-6
62000341,10000000,Opel,Opel Corsa,SKVPVRS916L58S80J,8904-DT-7
62000342,10000000,BMW,BMW M3,5FVNXC355Z2H60EUA,9126-OE-6
62000343,10000003,Audi,Audi A4,C90LNG0Q2RJR0J8SF,7380-JQ-7
62000344,10000000,VW,VW Golf 4,N3G02W3PZWUQQ71GW,8011-BR-7
62000345,10000003,Toyota,Toyota Camry,IB282XML62I5HY6WS,2380-RL-5
62000346,10000000,Opel,Opel Insignia,4N44Q35CT8TTX52WO,7305-EX-6
62000347,10000003,BMW,BMW X6,3H3VMEE175FLEVL3N,7036-DC-4
62000348,10000001,Tesla,Tesla Model S,D1ST244E16A8RD9Y5,1105-OX-2
62000349,10000002,Audi,Audi A4,S4YM1W9JD77YL88CE,1247-EW-3
62000350,10000001,VW,VW Golf 5,36VV654G7IH06TR31,2583-YF-7
62000351,10000001,BMW,BMW M4,T8W6365EMJHSN2Q80,8320-BH-6
62000352,10000000,BMW,BMW M4,045B14KINZHNQ04ED,3360-ZA-6
62000353,10000003,BMW,BMW M4,82RU92YD04YZ2E330,8722-MY-7
62000354,10000003,Opel,Opel Insignia,79HNNDU3QH95492H4,2320-UB-6
62000355,10000000,BMW,BMW M4,04X8VOHJ69WCZMYDU,4729-XF-3
62000356,10000003,Opel,Opel Corsa,Y864RP558D9NY8WTB,0576-IB-6
62000357,10000001,BMW,BMW M4,QR460AFC4354X9111,0222-PE-7
62000358,10000002,Toyota,Toyota Camry,V19155X1P4C92YB82,6945-MZ-6
62000359,10000003,BMW,BMW X6,P9DH3445T9L30K093,8494-YV-6
62000360,10000001,VW,VW Golf 4,W5SR801X25UID9MRK,5735-SB-7
62000361,10000000,VW,VW Golf 4,7X00ULQ853AR9T9WT,3161-CI-6
62000362,10000002,Audi,Audi A6,83D4G06S10Q87RFBK,1002-BF-6
62000363,10000001,Opel,Opel Astra H,7ZO6RW6T92AU4865K,0276-NX-6
62000364,10000001,VW,VW Golf 4,KUD2N3QB0B96OV4AR,9172-JI-6
62000365,10000000,Audi,Audi A6,QXR3J236V1FERUT50,3840-QS-5
62000366,10000001,Opel,Opel Corsa,7LW28A5TVL74M0HIA,9640-MD-7
62000367,10000000,Audi,Audi A7,69KI80HBJH3433UHQ,7138-VO-7
62000368,10000002,Audi,Audi A4,C9U2XFEK43D28Q5X1,2075-NG-6
62000369,10000004,Opel,Opel Astra H,256P33243005U8DSB,9379-GS-2
62000370,10000000,VW,VW Golf 5,LXF2C5WM5W1SOVMXZ,9140-KQ-6
62000371,10000001,Audi,Audi A6,T1K73RYKM27KSA19E,9383-MY-5
62000372,10000003,Audi,Audi A7,IK242ILAI9A2PHVBX,9085-XT-3
62000373,10000002,Opel,Opel Insignia,0F6545ZMHL0049128,6214-FI-3
62000374,10000000,BMW,BMW M3,DBPK25XEVBXML047Z,5715-NQ-4
62000375,10000003,BMW,BMW X6,J287YFUTQ400875K3,6011-XF-7
62000376,10000001,Audi,Audi A6,E3175SLZPTDKF7E12,2013-ZS-5
62000377,10000000,BMW,BMW X6,5LI3Y2XEGWA433G5T,3573-AH-7
62000378,10000004,BMW,BMW M3,A0LI73MA5O5LQ19KX,0286-PA-7
62000379,10000002,Tesla,Tesla Model S,0UV4XZ5S392SIV0VS,8369-NJ-5
62000380,10000003,Toyota,Toyota RAV4,BT4EO97F5IH07ENNN,0110-LX-5
62000381,10000003,BMW,BMW M4,06IEVL35EU46X40YI,7514-HN-7
62000382,10000004,Tesla,Tesla Model S,G4V38MNPF65O44MZP,1120-HJ-7
62000383,10000003,BMW,BMW M4,V87S8T13D1C8Y2F07,9890-PY-5
62000384,10000004,VW,VW Golf 4,7O54G0L7HWS7OZJE6,8665-GD-5
62000385,10000002,VW,VW Golf 4,GBP8FGE7YA4E2SJRY,2012-FG-6
62000386,10000004,Opel,Opel Corsa,3O6X8RP9B1QVW8XHI,8324-QU-6
62000387,10000004,BMW,BMW M3,1C051RKDT3N7HPLNG,3284-JX-3
62000388,10000002,VW,VW Golf 4,1JR21658LTCPA21U6,1358-QT-7
62000389,10000003,VW,VW Jetta,837AZ7Z8HDR58ZO29,6311-LD-7
62000390,10000001,Opel,Opel Corsa,0O7K5VCZ06Q0G28Y9,0603-ZG-6
62000391,10000000,VW,VW Golf 5,76O55GW7C3CIKPA8D,9913-TN-6
62000392,10000002,Tesla,Tesla Model S,U0Z8V5H4X43M8YVX1,3715-RB-7
62000393,10000002,VW,VW Golf 5,6GOGC1409F1HIOGWN,5736-RH-6
62000394,10000003,BMW,BMW M3,889RLDL9N4O9P8MZQ,7793-TQ-7
62000395,10000003,Audi,Audi A7,7108K71SP3QG5KRDB,3926-YS-2
62000396,10000000,Audi,Audi A4,JYITQR4NP5P9ILTYH,7179-GX-7
62000397,10000004,BMW,BMW X6,2740029J3237729HN,5229-IB-1
62000398,10000001,Toyota,Toyota Camry,O7U67X3UE27N99993,7514-FR-7
62000399,10000000,BMW,BMW M3,82BTJ76KV14IQ31A0,9552-OF-7
62000400,10000002,VW,VW Golf 5,P6G4223Z5135EONQO,2635-RO-7
62000401,10000003,BMW,BMW X6,9Y3PWT419H6EYD39N,5187-GD-6
62000402,10000002,Audi,Audi A7,F6QTV57ZG07141T99,8484-PK-7
62000403,10000002,BMW,BMW X6,9CDV396U9X333E6K8,0042-BA-6
62000404,10000003,VW,VW Golf 5,Q4561G0NMWW6WN01S,3265-LO-3
62000405,10000000,Opel,Opel Astra H,B6B20O36C93D6S9OP,4646-XC-7
62000406,10000000,VW,VW Golf 5,LI3C6B9OE2H090MKZ,2721-TE-7
62000407,10000004,Toyota,Toyota RAV4,E74J4U8Y17CV9L5PF,7053-WN-7
62000408,10000001,Tesla,Tesla Model S,197144QBKFY9957DG,7871-IC-7
62000409,10000004,VW,VW Jetta,VD5Q4OJLK15Q2052K,1404-KP-7
62000410,10000004,Tesla,Tesla Model S,I3449OEA95Q02E37E,2295-NQ-4
62000411,10000001,Opel,Opel Astra H,8N4E80IVYW0334A34,6468-ZW-7
62000412,10000003,Toyota,Toyota RAV4,L78528M8Q43V51XWZ,1810-SV-7
62000413,10000002,BMW,BMW M3,SL27PUJF1685W955E,6807-QT-7
62000414,10000004,BMW,BMW M3,0B037S0KVW7AY8054,0888-HP-6
62000415,10000000,Tesla,Tesla Model S,2C2772TE7PXO8S0JT,3468-AO-7
62000416,10000003,Audi,Audi A7,6917WN1YEL8DBQV72,4842-DM-7
62000417,10000004,BMW,BMW M3,R6EPB638VR78HW68B,4074-ML-7
62000418,10000001,Opel,Opel Insignia,62M90F11LR6D820NC,5414-EF-7
62000419,10000004,Opel,Opel Insignia,76T93CH8O822G4I9C,9196-LU-7
62000420,10000000,Tesla,Tesla Model S,W223B0LEU56V2ZF14,4916-MB-6
62000421,10000003,Audi,Audi A4,Q6F91EE9F6A0YHG4X,8921-DE-6
62000422,10000003,Opel,Opel Corsa,6Q96GRT4DJH916H5A,4658-YR-6
62000423,10000000,BMW,BMW M3,TJBXOE5H3MKCQ49W7,4173-JL-7
62000424,10000000,Opel,Opel Insignia,R9JA0PC3VXYQT90IG,8981-MY-7
62000425,10000000,BMW,BMW M3,G4BC60M781RE07FI2,9216-HQ-7
62000426,10000000,Opel,Opel Astra H,TW5GIT0RV8O22JAQ9,1589-HY-7
62000427,10000000,VW,VW Golf 5,XP7MZRLO3UR2P4VPC,3721-WP-7
62000428,10000003,BMW,BMW M3,OW246493QOPXY6C20,9225-GH-4
62000429,10000003,Audi,Audi A4,8F8BXM77B437W38OR,9276-RV-4
62000430,10000002,BMW,BMW M3,G4Y48OF5NOV946227,2274-KB-7
62000431,10000003,Toyota,Toyota RAV4,QAHV2HCT6D5DO1R58,3583-BJ-6
62000432,10000003,VW,VW Golf 4,3V5KL97TI64I7PZ86,2566-CH-1
62000433,10000001,BMW,BMW X6,S9P15C7RV1ER4L1R2,7832-RJ-7
62000434,10000002,VW,VW Golf 4,1X6C73C6E4F05PI69,9062-LG-7
62000435,10000001,BMW,BMW M4,8T35421FUNO128V50,7561-SI-3
62000436,10000004,Audi,Audi A6,G61UPR15710ZWIJ3T,8728-WA-6
62000437,10000002,Audi,Audi A7,V649G8500RFFI3L96,0247-FX-7
62000438,10000002,BMW,BMW X6,7WJ4LJ49640EOUY28,8916-TD-7
62000439,10000001,Toyota,Toyota RAV4,B3V1883ANM78364IU,3720-YL-7
62000440,10000000,BMW,BMW M4,1XS0M46Z7Q2X10A24,8142-WD-6
62000441,10000001,Toyota,Toyota Camry,HJ3H5M93UF1CCGM19,0289-DT-5
62000442,10000000,Toyota,Toyota Camry,N16602I70AQ497WU1,5052-WS-3
62000443,10000002,VW,VW Golf 4,ISFV6350G7MZVXMRP,6418-WE-5
62000444,10000001,VW,VW Jetta,604W5IN7MGXZGT6C0,9157-AY-6
62000445,10000003,Audi,Audi A4,IGZPZ62V439PDM429,6054-NC-6
62000446,10000000,BMW,BMW X6,5OG8JZ1H5XZZLXB6A,2888-WP-4
62000447,10000003,Opel,Opel Astra H,ZH422YFQI123QSX3U,0617-LY-6
62000448,10000002,Toyota,Toyota RAV4,29B2NAM18038S0140,3262-HX-7
62000449,10000004,VW,VW Golf 4,2PP27Y7SP5LJ7068F,3393-UQ-7
62000450,10000003,BMW,BMW M4,6833ZQFJ9397L569Q,0473-WE-6
62000451,10000002,BMW,BMW M4,RFB09956FZ00F76H4,1405-GT-7
62000452,10000003,VW,VW Jetta,582D6H7MZ26TNG1PY,5413-HI-6
62000453,10000000,Audi,Audi A7,QH81D2CI35ZSW88HC,2997-HX-7
62000454,10000004,Opel,Opel Astra H,12F3B79Q909WP58R1,5360-AH-6
62000455,10000002,VW,VW Jetta,JG3925LR796H8G594,5490-XK-7
62000456,10000004,Tesla,Tesla Model S,R528O9WE075XVJAML,2797-ZR-5
62000457,10000000,BMW,BMW M4,S648MM5G5IH7GRNO8,8704-GO-7
62000458,10000001,Opel,Opel Astra H,63155G86N7ML80Y4W,7164-VS-7
62000459,10000002,VW,VW Golf 4,O94S9DXCUDR7FOKMQ,0229-PS-7
62000460,10000004,Opel,Opel Corsa,375W76CUUW27L2WVE,2128-AC-6
62000461,10000000,Toyota,Toyota RAV4,R5QCFQFCKLJ5K34YU,7919-YF-5
62000462,10000002,Tesla,Tesla Model S,884GS32YBIMGK5N05,4233-DZ-6
62000463,10000003,VW,VW Golf 4,03QW6FX11Z8ML297K,8608-TY-3
62000464,10000004,Opel,Opel Insignia,AK7988HMJW376FFNZ,2083-NQ-6
62000465,10000002,VW,VW Jetta,95376H33WK76U420S,1461-NI-6
62000466,10000000,Opel,Opel Insignia,05F5KGKD179GE76R4,8132-AW-7
62000467,10000002,Audi,Audi A6,P1Z6BS4KAFQR8TF6E,7651-IM-7
62000468,10000004,Toyota,Toyota RAV4,440SRSJ29MQJ3S2X4,3097-EN-7
62000469,10000004,VW,VW Jetta,7T007Y2C302X12662,9893-EH-7
62000470,10000000,Opel,Opel Insignia,TM765AXY93J11WI7W,7349-AI-7
62000471,10000004,VW,VW Golf 4,6V3340EC0N6Q2S280,1506-HI-6
62000472,10000004,Opel,Opel Insignia,71WOD310S72OU9B07,0286-TH-4
62000473,10000000,BMW,BMW M4,0F74PCQRH270O1DQ5,6197-QE-6
62000474,10000003,Opel,Opel Insignia,J32BHT3V5N7V24K2V,1941-YF-4
62000475,10000003,BMW,BMW M3,AI950UX5N92B36N82,4960-OA-7
62000476,10000002,Opel,Opel Insignia,NDWQ18E3L7L16G7H0,2775-JF-6
62000477,10000002,VW,VW Golf 5,657J5SP3C1W4Y00HE,2343-GD-7
62000478,10000002,BMW,BMW M3,G19B4RG89T33W88O7,8366-KA-7
62000479,10000001,Audi,Audi A4,7DM7O1VP8F4875624,9205-XV-7
62000480,10000003,VW,VW Golf 5,1819LR0B827N0FCH4,2491-IN-4
62000481,10000000,BMW,BMW M3,Z9Q517113IBT4584R,9686-JZ-7
62000482,10000001,Toyota,Toyota Camry,8UJY83GH7RV069H12,7837-CN-6
62000483,10000000,Toyota,Toyota Camry,K2FE6699G7P54U6K1,5907-ZW-7
62000484,10000003,Opel,Opel Insignia,OFGL927ISS341XP8N,1074-UC-6
62000485,10000002,Opel,Opel Corsa,V934KGV0F3YB42S2X,9050-HE-7
62000486,10000003,Opel,Opel Corsa,U99K89O9Y98KAZ1V5,2566-RA-5
62000487,10000004,Opel,Opel Corsa,SHA0071IK5H2WF843,4097-WY-7
62000488,10000003,Toyota,Toyota Camry,0K26141E93WM8V2ZM,9673-RH-6
62000489,10000002,BMW,BMW M4,5FHNJ6O600W3BNW8O,8791-BM-7
62000490,10000003,VW,VW Jetta,7CZ6N8D11TVCWK2N6,1028-KL-6
62000491,10000000,Tesla,Tesla Model S,57WX2IQZA5I0R492M,3503-AE-1
62000492,10000003,Toyota,Toyota Camry,2UJ8YZ7ZN43Z0IHBW,5734-NS-6
62000493,10000001,BMW,BMW M4,CU50OZL6R889OY79G,5826-RP-7
62000494,10000003,VW,VW Jetta,64TH67O2W2ZKG50T3,0539-MX-7
62000495,10000004,Toyota,Toyota RAV4,981J8LX24N15XGPI9,0128-MV-6
62000496,10000002,Toyota,Toyota Camry,7Z35UHIU690C95347,0369-MC-7
62000497,10000001,Toyota,Toyota RAV4,17YDP61A3A3084T93,3563-SM-7
62000498,10000004,Tesla,Tesla Model S,X03H29W9Y4951T7F0,2804-ZT-7
62000499,10000003,BMW,BMW M4,YI712181G423GEA6G,9236-GL-6
62000500,10000000,BMW,BMW M4,9IFVT5S1A5H1XNPKF,5888-YJ-7
62000501,10000000,Opel,Opel Corsa,C416H7F4B75T01524,9408-BZ-3
62000502,10000004,Opel,Opel Insignia,LQPQ1F3PKA44Q2UV0,8918-XL-7
62000503,10000001,Toyota,Toyota Camry,8TZ445FB89456LQ2S,1448-WT-7
62000504,10000002,Audi,Audi A6,BIFLZT51FAS37Y9SV,8835-IJ-7
62000505,10000000,Audi,Audi A6,7X6R825L06ND1FT0B,0728-GV-7
62000506,10000003,Toyota,Toyota Camry,ZL23FC0H2176768ZF,5313-KE-7
62000507,10000001,BMW,BMW M4,3K6QY2W23Y76H2A1B,7040-CL-5
62000508,10000004,BMW,BMW X6,9L6CUJ62M46FI64Z7,2416-AY-7
62000509,10000003,Opel,Opel Corsa,3Q7QD2AVUHE261855,7305-PC-6
62000510,10000000,BMW,BMW X6,FQLS5E66E31NV7K15,3396-ER-7
62000511,10000002,Toyota,Toyota Camry,7X1081HJ22G4854MB,3560-ZW-7
62000512,10000002,Toyota,Toyota Camry,FBFYV4PCWD3EN91UC,8952-YS-6
62000513,10000000,BMW,BMW M3,61575WSPM4ZOQ6414,7188-ZL-7
62000514,10000003,Audi,Audi A4,98S3MZ0U46R25SHQ7,9191-YO-6
62000515,10000001,Toyota,Toyota RAV4,3HBB1OHOE83FK0P2M,0024-WP-6
62000516,10000003,BMW,BMW X6,667T6WFW4N4F7RSM2,7071-LR-7
62000517,10000001,BMW,BMW X6,Y1IWGZ2LDY9II31BS,2037-ZE-7
62000518,10000000,Opel,Opel Astra H,G98FMF5R90H68H3I8,3578-GY-2
62000519,10000003,Toyota,Toyota Camry,C0W58M2A1S59996Z3,6471-NP-6
62000520,10000002,BMW,BMW M3,W96P78L4ZG3730IQQ,7615-OZ-6
62000521,10000002,VW,VW Jetta,R9897XTYNUUIR4B1N,2234-KI-7
62000522,10000002,Audi,Audi A4,MZ81KTVE7HQV8TDIE,0832-RI-7
62000523,10000001,VW,VW Golf 5,ACQ91723MZY8GN3N6,3760-HK-7
62000524,10000002,Opel,Opel Astra H,72C7909R9V1BN29AC,5201-CF-2
62000525,10000001,Opel,Opel Insignia,0GE6MR27408DRR353,5189-XG-7
62000526,10000004,VW,VW Jetta,HJ5F479MLCN9B4X2G,8972-QM-6
62000527,10000002,VW,VW Jetta,MY6UOSEB250O1G1C5,2877-MG-7
62000528,10000004,Audi,Audi A6,I0B1HAH0S1H819TV6,0213-HS-6
62000529,10000001,Opel,Opel Corsa,TOBSCR2V9Z0612X98,5189-XI-7
62000530,10000000,BMW,BMW X6,D3TOKWEOD78B52UHW,2488-AG-6
62000531,10000002,Tesla,Tesla Model S,RV40QSPG9P4S852WN,3337-MI-7
62000532,10000003,Tesla,Tesla Model S,797B04A3EGFW9LZ4J,8368-WA-7
62000533,10000003,Opel,Opel Insignia,20709197J22X58520,6981-KF-5
62000534,10000003,Toyota,Toyota Camry,6T5XJ157U0BF627V9,9874-LA-7
62000535,10000001,Opel,Opel Astra H,54CU59ZW07J225A8F,3413-NR-7
62000536,10000002,Tesla,Tesla Model S,VB9F50K97Q15T98V8,5232-HV-7
62000537,10000004,BMW,BMW M3,V55LD040KS161CH16,2033-YA-6
62000538,10000000,Audi,Audi A7,S0F09918NY2U45Z1O,4657-ZB-7
62000539,10000003,Toyota,Toyota RAV4,CZ457Q94TEN7C1DD6,3433-ZQ-7
62000540,10000003,Tesla,Tesla Model S,O9D4FFJQTU24OFT4N,1902-ZR-7
62000541,10000002,Opel,Opel Insignia,T1Z5JE0924R99409I,8327-ZT-6
62000542,10000001,Opel,Opel Corsa,S7S25D8F04B43D247,4655-TQ-7
62000543,10000000,Audi,Audi A6,PO6D45CQ5ZB000134,7894-IT-7
62000544,10000002,BMW,BMW X6,W7S399V2IRH52XM97,5618-ZX-7
62000545,10000000,Opel,Opel Insignia,LOE81OC41VZN6U261,7292-EA-6
62000546,10000003,BMW,BMW M4,2N4JN2N6DKEKP35N4,3580-LY-5
62000547,10000004,Toyota,Toyota RAV4,NLER88HHVFP040Q1K,7747-AB-3
62000548,10000003,Toyota,Toyota RAV4,2E463P4R87SOVC3MT,0204-VB-7
62000549,10000001,Audi,Audi A4,68Y59LEQVLV2LB2N4,2758-HN-5
62000550,10000003,Audi,Audi A6,DU29530J73P67I02O,7396-ZB-7
62000551,10000003,Opel,Opel Corsa,DSQL880PZ1QDFL6Y4,7954-SI-7
62000552,10000000,Tesla,Tesla Model S,49T798U7Y08A7N21R,6049-GF-7
62000553,10000004,Tesla,Tesla Model S,3EOVT8RIL143W605X,6477-PI-7
62000554,10000001,Audi,Audi A4,051IA000RC9U82D93,7721-AL-7
62000555,10000001,VW,VW Golf 4,Z0M6P39D87XJDN7I6,0554-UH-6
62000556,10000001,Opel,Opel Astra H,J7566A89ZKGG8PMF2,0538-QR-6
62000557,10000001,Audi,Audi A7,Z7RQHRX4D9498W772,2991-LD-7
62000558,10000003,VW,VW Golf 5,O4VIU59BI23663G3C,4180-AO-6
62000559,10000002,BMW,BMW M4,104WIK8TB8I339JCJ,5618-LS-6
62000560,10000002,BMW,BMW M3,34PJA92PQQ9SYZ821,2195-JO-7
62000561,10000002,Tesla,Tesla Model S,AISNJ74089SREO202,4175-RZ-7
62000562,10000002,BMW,BMW M3,K696Y79ZSJW6XQ07Y,0729-RA-7
62000563,10000004,Opel,Opel Astra H,6VZB6265WB6Z0OZ33,7081-SF-2
62000564,10000002,VW,VW Jetta,5G2028OFK25X35XPU,3896-KU-7
62000565,10000001,Opel,Opel Astra H,YTDEP56H3JS55AO97,6598-MP-5
62000566,10000001,Opel,Opel Astra H,I78V55O9CW423T3Q1,5319-AQ-5
62000567,10000002,BMW,BMW M4,Z53VR92YV6V7VLF07,4868-QA-7
62000568,10000000,BMW,BMW X6,YQEPAJH6M21FESFE3,6981-YK-5
62000569,10000003,VW,VW Golf 5,7C5Y4G5CM724G31C4,6221-AM-6
62000570,10000001,Audi,Audi A6,753SSYQB25LA2F02H,8807-QE-5
62000571,10000003,Opel,Opel Astra H,759BKT9JK1890K450,0761-PW-5
62000572,10000002,Toyota,Toyota Camry,5TMO84C8GVU67M6YF,4943-IB-7
62000573,10000004,Toyota,Toyota Camry,7453Y8R017F0M69CK,7606-RD-7
62000574,10000003,Toyota,Toyota Camry,951S3E9HC4Q3206X1,3242-AN-7
62000575,10000003,Toyota,Toyota RAV4,5QG003I5TDO98775U,8511-GT-7
62000576,10000002,Audi,Audi A4,5M05V5N9836SZ1KQT,5211-QL-5
62000577,10000002,Opel,Opel Insignia,LS6VGM6V15P538SLR,6446-WI-7
62000578,10000004,BMW,BMW M3,07J41RN1VK5Y38KN7,2580-ML-7
62000579,10000003,Toyota,Toyota Camry,464GZEJW3KH6MAZH4,6363-VP-7
62000580,10000000,BMW,BMW X6,V3Y8F2SUI3SYTT410,9245-QL-7
62000581,10000003,Toyota,Toyota Camry,Z77J0FK6QI75GYB64,8140-SZ-6
62000582,10000004,Tesla,Tesla Model S,CLK7B9SWM8K454R7V,0463-HU-6
62000583,10000004,BMW,BMW X6,0F5JXLT4S116OF1S8,1445-PQ-5
62000584,10000000,Audi,Audi A7,J9Q8VNM07263NULS2,5361-BA-6
62000585,10000004,Audi,Audi A7,ZDB7851WZ3ATY9EVD,4851-DQ-7
62000586,10000003,BMW,BMW M4,2UWS1VGR8FTDJEAI7,9566-TS-7
62000587,10000004,BMW,BMW M4,3J030B40W877U59NM,6644-GB-6
62000588,10000004,VW,VW Jetta,CO480P47Q1G4RC369,0650-DR-7
62000589,10000000,VW,VW Golf 4,C3MU52T21M14A7W71,5522-KW-7
62000590,10000002,Audi,Audi A6,A792270BM14R1XCYE,4323-BR-6
62000591,10000000,VW,VW Golf 5,2075881V147289D11,4194-PZ-7
62000592,10000002,Opel,Opel Astra H,BQ47WQAF82K8L3Y3T,2318-HY-7
62000593,10000001,VW,VW Golf 4,08HYA580I2KA8HO4Q,6877-HC-7
62000594,10000004,Opel,Opel Astra H,77DJFP539F1B88G7L,8557-JP-7
62000595,10000002,VW,VW Golf 5,461RA84F9JPV57HZH,7338-BL-6
62000596,10000002,Opel,Opel Astra H,W221F6G15ZV9CW7EA,4277-NC-2
62000597,10000004,Toyota,Toyota Camry,QRK7K6YHF2876N92H,8734-VC-6
62000598,10000004,VW,VW Golf 4,QO44FHWE1858405A0,3881-XU-6
62000599,10000000,Toyota,Toyota RAV4,Q1WHMB5Y84G9NIKYB,3857-CE-6
62000600,10000004,Toyota,Toyota RAV4,LK8WL4HQ9Z5P9484R,2114-MP-5
62000601,10000001,Tesla,Tesla Model S,3Q4UFFT0BXASAH576,2737-QD-7
62000602,10000002,BMW,BMW M4,SUAL6WDA3L983NE95,9947-QL-7
62000603,10000003,VW,VW Golf 5,64VU8JT75R533YP20,2640-WN-6
62000604,10000002,BMW,BMW M4,MN28L79NA7E1O5C37,7524-OF-7
62000605,10000001,Toyota,Toyota RAV4,8NUYTUGQ166N54GRV,2582-CE-6
62000606,10000001,VW,VW Jetta,0IKN84G009UZ3LVTA,6479-PB-7
62000607,10000002,VW,VW Golf 4,5N0N7F0Q1911PIAZB,1805-MA-4
62000608,10000002,BMW,BMW M3,877IP3I851P4322KI,7784-QI-7
62000609,10000000,VW,VW Golf 4,61Q6YVUNTAET40570,8264-EQ-6
62000610,10000001,Toyota,Toyota RAV4,G2M8536C4QQ0PL3DR,7893-VT-7
62000611,10000004,BMW,BMW M4,55J90K81JW51XT80L,7373-CF-7
62000612,10000002,Audi,Audi A4,M1R9981OQTYHM9799,9916-UB-6
62000613,10000002,Toyota,Toyota RAV4,7V9GL7891C93TEBVQ,1000-EG-5
62000614,10000001,Opel,Opel Insignia,23TB55MUZZLKQ5IMB,8314-JX-7
62000615,10000004,Toyota,Toyota RAV4,RX4EK58PF75865310,6937-OZ-7
62000616,10000003,VW,VW Golf 5,2D33S12R3LV59ZKIG,9451-KV-5
62000617,10000001,BMW,BMW X6,3I9ZA1M4YI7X03411,7298-CT-7
62000618,10000000,VW,VW Golf 4,4HQQDA3C7VSH1Y27Q,2491-CT-7
62000619,10000001,Opel,Opel Insignia,7SV72P4ZE9G868F8X,9487-QZ-7
62000620,10000002,VW,VW Jetta,LY7C1RE38375H9EE9,6290-FQ-6
62000621,10000003,Audi,Audi A6,5T3365952040T87E0,4232-PX-7
62000622,10000003,VW,VW Jetta,D86SQ7PJ5BXK7406N,8182-DW-7
62000623,10000001,Opel,Opel Insignia,PELL79M3JKW620I00,4052-ID-7
62000624,10000002,BMW,BMW M4,02420405A7P6Z2944,6173-MT-7
62000625,10000004,VW,VW Golf 4,7RGW7B5CT98LCE4FG,7625-ML-6
62000626,10000003,BMW,BMW M4,77CW82F01X67H92A0,2217-OF-7
62000627,10000003,Opel,Opel Astra H,8X4P7Z112IW3VK3BZ,6892-WJ-7
62000628,10000002,VW,VW Golf 4,2Q1QL3PU9FJ845S2Y,5394-CF-5
62000629,10000002,VW,VW Jetta,8PM7FZHB507RH8E1J,5821-UB-7
62000630,10000002,Tesla,Tesla Model S,55A687DGKQ7N6826Y,5399-DM-6
62000631,10000000,Opel,Opel Corsa,54100978HEI883I62,9892-ES-7
62000632,10000001,VW,VW Jetta,2EJ882D8UB53M9MOT,9308-WJ-5
62000633,10000000,Audi,Audi A4,5TL17O1OU6UIXPX0N,7320-EB-5
62000634,10000000,Opel,Opel Corsa,19704361DQAUSD2R6,2974-EQ-7
62000635,10000004,VW,VW Jetta,2MYWF76E7172KWP9A,6743-LJ-7
62000636,10000001,BMW,BMW M4,54030VVTW988CE5M5,2101-DU-5
62000637,10000003,BMW,BMW M3,3ESMO2Y13CRWFY95R,0001-SF-7
62000638,10000001,Audi,Audi A4,XP5N84S7760HK0J2F,4173-QZ-3
62000639,10000004,Audi,Audi A7,EHODTQ5014MZ5Q1ZB,3636-VE-5
62000640,10000003,BMW,BMW M3,RJ6L8399X6SMU52KI,6059-UC-7
62000641,10000002,Audi,Audi A6,GK04Z92709VIQ7MI3,4006-VJ-7
62000642,10000000,BMW,BMW M4,S74416FW6T6Q6A334,8761-KT-6
62000643,10000003,VW,VW Golf 5,8Z3DI1S420B3Y6DKP,4683-DO-2
62000644,10000004,BMW,BMW X6,WMGW5OO2JCROW7048,9096-NO-7
62000645,10000002,Opel,Opel Astra H,PP1843J9O70N23P31,0472-EL-7
62000646,10000001,Audi,Audi A4,Y7RV502J7ER3010EG,1716-TS-7
62000647,10000004,VW,VW Jetta,N662TZ94S5WRGHTT4,6963-HS-7
62000648,10000003,VW,VW Jetta,F2JA2U87JD628UA35,6461-OS-5
62000649,10000000,Audi,Audi A7,UUS5D8EXG68UE1QP2,6634-AN-7
62000650,10000004,VW,VW Golf 5,MD3338R18TP25Q65G,1623-UK-5
62000651,10000004,VW,VW Golf 4,F67X0OUYK6T5A6503,5430-LD-7
62000652,10000002,Tesla,Tesla Model S,8J8QSUL4T66EUA03M,5906-XJ-5
62000653,10000003,BMW,BMW M4,6CNJ6ANQQ84S0S0TP,3001-ZP-6
62000654,10000001,Opel,Opel Astra H,AWI1L297S2B963966,1113-VF-5
62000655,10000003,BMW,BMW M3,U10ND2X5X4IDNNM79,7493-KM-7
62000656,10000002,VW,VW Golf 4,ML9M82BS6K55G52V5,5370-OP-7
62000657,10000001,Toyota,Toyota Camry,XUFAC0HFDT44NFWI9,0082-TI-5
62000658,10000000,BMW,BMW M4,N2II5746Q9QN4T554,8177-RN-7
62000659,10000002,Opel,Opel Insignia,76508JM0FRE24VTJ5,1713-NB-6
62000660,10000000,Tesla,Tesla Model S,Z79D69ME235NU9DLE,4227-AW-7
62000661,10000001,VW,VW Golf 5,NIP3AS212M895578H,9713-XQ-7
62000662,10000002,Tesla,Tesla Model S,4SRTT5058F21S2321,3860-RI-5
62000663,10000000,Audi,Audi A6,U6ZTMBCZFQI5662Y2,1429-DQ-7
62000664,10000003,Audi,Audi A4,9QZ749J75LVMB43O2,4726-OW-6
62000665,10000001,Audi,Audi A7,HDEM875JA5F8JCZR0,4049-KY-7
62000666,10000003,VW,VW Jetta,CU0042877D1YG8M6P,0489-IF-7
62000667,10000004,VW,VW Golf 5,27RV0Y0462J2338AJ,7845-RC-1
62000668,10000000,Audi,Audi A6,384F12IC16WBRKJW0,4965-IB-6
62000669,10000001,Toyota,Toyota Camry,N42S5TXTLS597C4RD,9103-IK-7
62000670,10000002,Audi,Audi A6,95FN1RS643B915E66,4044-VI-7
62000671,10000000,VW,VW Golf 5,822MRJ3PTEI5264M7,4439-NS-7
62000672,10000003,Toyota,Toyota RAV4,980RQ90643945RV87,0069-GD-7
62000673,10000000,Toyota,Toyota Camry,JF3YT1L57N5ZVFXAQ,5011-RC-6
62000674,10000000,Audi,Audi A6,44805RC3GD12QD585,6761-IV-6
62000675,10000000,Audi,Audi A6,8JV54393011J36FWO,8752-UI-7
62000676,10000002,Opel,Opel Astra H,211V754M00I31Q9UZ,9534-GV-6
62000677,10000003,VW,VW Golf 5,36HAS469AE46REY1Q,0307-BH-7
62000678,10000002,Audi,Audi A6,6E2WLF26865780C3M,4503-BN-7
62000679,10000002,VW,VW Golf 5,AF0LZ5541149D4I92,3772-WX-7
62000680,10000002,BMW,BMW M3,459AM57CEH3T8410I,3646-SQ-7
62000681,10000002,Audi,Audi A7,JEB8553PX6TV1P258,9381-LI-7
62000682,10000002,VW,VW Golf 4,14Q44UK35F19824R6,7907-HF-7
62000683,10000004,Audi,Audi A7,9Q95A2331SHU4J7I3,7697-GW-7
62000684,10000002,BMW,BMW M3,4F95ZA2Q2W096CQ15,0761-OK-5
62000685,10000000,Tesla,Tesla Model S,EVRZ03UUI33W8UHMI,4502-BH-7
62000686,10000003,Tesla,Tesla Model S,NE5NCV0J40D34UW4K,1850-WN-7
62000687,10000002,Audi,Audi A4,068H22CP5ZS5X03GF,0138-JH-7
62000688,10000000,Tesla,Tesla Model S,595T37P06TA5PJO17,5829-JG-7
62000689,10000002,Tesla,Tesla Model S,4WWSWQALUV2E4U7F2,8831-TD-1
62000690,10000002,Audi,Audi A6,9G69KM7RF1XBWP40J,8784-MA-7
62000691,10000001,Opel,Opel Corsa,SZ72O5C11YC0CC74R,7341-KP-3
62000692,10000001,VW,VW Golf 4,K457M880O1S0HXE43,1791-BU-5
62000693,10000000,Opel,Opel Astra H,B15LBR8L665A2NH05,9157-SK-5
62000694,10000004,Audi,Audi A7,63F6DS987KV9P4SHK,5966-FA-6
62000695,10000000,Toyota,Toyota RAV4,BW47TBN370OL062US,1760-IQ-7
62000696,10000000,VW,VW Golf 5,9LT802OLLQ5494H5O,1311-LC-5
62000697,10000004,Tesla,Tesla Model S,S3HWIKJ2QGMR4389U,1986-FV-7
62000698,10000003,Audi,Audi A7,UINB4FR31TQ64KXUW,0731-EP-7
62000699,10000003,Audi,Audi A4,ZUDEF4MA7DIFI2286,7800-IH-5
62000700,10000002,Tesla,Tesla Model S,ZCA3D3567Q3A3K238,6534-GZ-7
62000701,10000000,Tesla,Tesla Model S,8QP54A981EW2J31QI,0957-TH-7
62000702,10000002,Opel,Opel Corsa,6VU3Z6WHUG21KZE6I,3173-CT-6
62000703,10000002,VW,VW Jetta,U9CAAL46LGV2PBP2A,4689-YN-5
62000704,10000002,Opel,Opel Insignia,FB5UZKTQ6JK291FP6,7276-OC-7
62000705,10000000,VW,VW Golf 5,6LL8UR60F5S8OTX8V,4933-VX-7
62000706,10000002,Tesla,Tesla Model S,204Y2X2FGS58N118Z,4446-ML-5
62000707,10000004,Opel,Opel Astra H,4KK93M2W7325A1NRY,9113-XM-7
62000708,10000003,BMW,BMW M4,319R17F0CP076MHI5,1172-ZU-6
62000709,10000000,Toyota,Toyota RAV4,95D9P87Y25H3W9N2H,7337-CX-6
62000710,10000001,Toyota,Toyota RAV4,3357U6DD5NLGDP1P2,6186-NL-6
62000711,10000001,VW,VW Golf 4,1W6993OGB3JE7L9CQ,6097-PW-4
62000712,10000002,VW,VW Jetta,EJH6W576S7ATBQH5A,9072-EX-6
62000713,10000000,Opel,Opel Insignia,6Q924L845469A4L9B,4093-WR-5
62000714,10000004,BMW,BMW M3,PI9AZ03I26906RG08,1666-ZI-6
62000715,10000001,BMW,BMW X6,8Q3IGKY5R6P26YM22,9026-VT-7
62000716,10000004,BMW,BMW M4,HC7G58M84G317F75A,1444-QE-7
62000717,10000003,Opel,Opel Corsa,7ZYYUZ2VI5OQ4440B,1661-OD-6
62000718,10000000,Opel,Opel Corsa,Q1YR26H92N588VF16,9108-CX-7
62000719,10000002,Opel,Opel Astra H,X56K88UHN9XKE9K4Y,7001-VS-7
62000720,10000000,BMW,BMW M4,587M1G4F52A5W9YO9,7639-ZE-5
62000721,10000002,Toyota,Toyota Camry,2OV2YJP3KTPA5RJAN,5146-AT-6
62000722,10000004,Audi,Audi A6,736A82UQH8X63J2ZK,1791-WH-7
62000723,10000001,Toyota,Toyota RAV4,K9R28766LH3GU450J,8603-NC-7
62000724,10000003,Audi,Audi A7,ZYX4QMN845FX010N3,5828-JG-7
62000725,10000004,Audi,Audi A6,39MFH362E6FUYVKLL,3092-CI-7
62000726,10000002,Opel,Opel Insignia,P1D6B2VT76Y6EKX31,2936-WM-7
62000727,10000002,Audi,Audi A6,167AX3J98Q5I0DY6G,2415-VF-7
62000728,10000003,Tesla,Tesla Model S,G4UG01NQ0SS89735W,7225-HK-7
62000729,10000002,Tesla,Tesla Model S,4TT8M9F6OC2F1EX83,8272-EQ-7
62000730,10000004,VW,VW Golf 4,WQE6JE8PI7OW6304N,2240-KU-5
62000731,10000001,Toyota,Toyota Camry,ZOL920WKCI60S61V5,6812-BD-3
62000732,10000004,Audi,Audi A7,OQ6NZ5083WI3G4I39,4763-TS-4
62000733,10000003,Toyota,Toyota RAV4,ETZ12XEOS14D3GQV6,2321-ZE-7
62000734,10000001,Audi,Audi A6,67PMZ8231C045IXC8,7478-GY-4
62000735,10000000,Audi,Audi A7,0470MMJC20W8PEL8L,3727-FL-5
62000736,10000004,Opel,Opel Astra H,P72PTJ3P2P3J1VX8Y,8022-BU-3
62000737,10000004,Toyota,Toyota Camry,37ZQF00DUS7TS8C6E,8974-ZX-5
62000738,10000000,Audi,Audi A7,5LTFRIPI41J633361,7562-EW-7
62000739,10000002,BMW,BMW M3,778ZW4ICDXWOIN34M,0033-TI-5
62000740,10000004,Toyota,Toyota RAV4,0G3FBTUEI384635O1,6820-JA-7
62000741,10000002,VW,VW Jetta,8G272Y0EU70A8V43G,0202-GU-7
62000742,10000003,Tesla,Tesla Model S,6QB4O8R072CVNXB36,7975-VJ-7
62000743,10000001,VW,VW Jetta,YU0O5H124058VY8Z2,6033-UZ-7
62000744,10000000,Toyota,Toyota RAV4,HY83E8223CZ2B1M4Z,2382-GT-6
62000745,10000001,Toyota,Toyota RAV4,324H800VXHB6O62SS,8921-VL-7
62000746,10000004,VW,VW Golf 4,6787TGK0ZT1D472AV,9098-UB-7
62000747,10000002,Opel,Opel Astra H,IQ3JA87WT7YCYI60C,9836-CO-7
62000748,10000002,Audi,Audi A7,89E708OME0KK5MB58,9449-CK-5
62000749,10000002,BMW,BMW M4,65L68OO4W573K4QC7,5084-MG-5
62000750,10000002,VW,VW Jetta,5M9P7P8DQ3C086QII,6196-QC-7
62000751,10000003,BMW,BMW X6,I5Q9EQJDE7N0EY0MA,0922-GM-7
62000752,10000004,Opel,Opel Insignia,71R6QL851KS3PUX5Q,5402-FK-7
62000753,10000003,Audi,Audi A7,1GET1RRL25Z9LT2DD,4508-HA-6
62000754,10000001,VW,VW Golf 5,7H085S5829GN2F7HG,1659-DC-4
62000755,10000003,BMW,BMW M3,YPNHA84PQ17SR58NN,9361-PV-7
62000756,10000002,Opel,Opel Astra H,69M232T90QD9X4W58,5959-ZS-7
62000757,10000003,Opel,Opel Insignia,U1WWG0M04Q41U519K,9481-RM-4
62000758,10000002,Toyota,Toyota Camry,3087588U2I3RP69O0,2417-DQ-3
62000759,10000000,Tesla,Tesla Model S,G5G26YOW9VGH64XRV,1663-FW-7
62000760,10000003,Audi,Audi A4,F1U6N3U1X0ZMXG4G3,9924-MS-5
62000761,10000004,Opel,Opel Astra H,PT7N9RTF3590QQ787,7065-JF-7
62000762,10000001,BMW,BMW M3,FALRSOSR11H6KXQXJ,3664-JW-7
62000763,10000001,Audi,Audi A6,84D7662HQ07IS1CJ8,0103-HR-7
62000764,10000004,Audi,Audi A4,D416R27H2T0LQ73G4,1515-MJ-3
62000765,10000004,Audi,Audi A4,1J2TQZ6699UT88X76,7274-FU-2
62000766,10000003,Audi,Audi A6,56OGT732T6C0J9JVW,2086-PX-5
62000767,10000004,Opel,Opel Astra H,7F23LG5TE06J718F8,0305-CY-6
62000768,10000000,Opel,Opel Corsa,J0NU26JORYV8U0I5X,3794-CD-7
62000769,10000001,Opel,Opel Corsa,8G8JYUWZX003896D9,1875-IG-7
62000770,10000000,Toyota,Toyota RAV4,6TXM90F186AD8I900,8848-WO-2
62000771,10000004,Opel,Opel Insignia,I2XW0MHV9UJ0J0YM0,0447-ZI-7
62000772,10000001,VW,VW Golf 4,0T80660Z760ZV0F2K,7478-DN-7
62000773,10000003,VW,VW Golf 5,3CMBM36P7K499Z84U,4894-XR-5
62000774,10000003,Audi,Audi A6,5859Q5T7MG2XOVW51,8342-IX-3
62000775,10000003,VW,VW Golf 4,8KCE37G28N1VH2ELV,1412-YL-4
62000776,10000001,Opel,Opel Insignia,0Z7994J62GE05I22B,0261-MG-5
62000777,10000004,Audi,Audi A4,M640E89K4O1F8G3ZR,9136-LI-6
62000778,10000000,VW,VW Golf 4,J565D3X011F273359,5836-OG-6
62000779,10000000,BMW,BMW X6,U6VZW04Y81O78764Q,3091-AM-5
62000780,10000000,Audi,Audi A4,L9780W0N626HN6V15,8662-TS-7
62000781,10000000,BMW,BMW X6,3264H538HEZ90Q7LU,8172-WH-5
62000782,10000004,Audi,Audi A4,UHV8UR2AKU18DWPRD,9107-HP-4
62000783,10000000,VW,VW Golf 5,IM5KQP232QHC7VA63,2202-BP-6
62000784,10000002,VW,VW Jetta,NGSMZ954Q47ZSSJ69,1804-VX-7
62000785,10000004,BMW,BMW M3,F24986B1W7ZP26869,8698-DQ-7
62000786,10000001,Audi,Audi A7,T4I67923WD06LW9P6,4381-DJ-7
62000787,10000001,Tesla,Tesla Model S,N79295A7L1AE1MQY5,1636-XY-3
62000788,10000002,Audi,Audi A7,3SFLM8A8332A10J6U,0819-JQ-7
62000789,10000002,Tesla,Tesla Model S,A91P9H0K7UUPHS660,3193-BI-7
62000790,10000001,VW,VW Jetta,5V3FON22461PVG50L,7575-SU-7
62000791,10000001,BMW,BMW X6,PQ4285D53I98WW468,4107-HL-4
62000792,10000000,Audi,Audi A6,7T20FPHT82B82H56D,0816-GY-6
62000793,10000001,VW,VW Golf 4,OBUVG62RU35P029JE,1304-EX-6
62000794,10000002,Tesla,Tesla Model S,Z4E03GF9431SU4KX8,3697-SM-7
62000795,10000001,BMW,BMW M4,YP2YXD4987I3RAJPX,3010-RC-7
62000796,10000002,BMW,BMW M3,3I9WCI1NHO9TD32BM,3647-CI-7
62000797,10000004,BMW,BMW M4,WXKP5H7O494IJ32EH,4768-DI-5
62000798,10000003,Opel,Opel Astra H,4G9R2R1T3V95KZJ88,3370-HS-5
62000799,10000004,Audi,Audi A6,DG059731349S5515K,5665-CJ-7
62000800,10000000,Opel,Opel Insignia,SL308SD286SAF1AY6,6368-ZK-7
62000801,10000003,Audi,Audi A7,V7ZOF91AC5BJENH03,1752-DX-6
62000802,10000002,VW,VW Golf 4,C41BOH75BNI3NPD9I,0507-JR-7
62000803,10000003,Opel,Opel Insignia,14NE5WW8784YM2TJF,1019-OT-7
62000804,10000000,BMW,BMW M4,ZPWT7BH6EVRVF8XA3,4337-TH-7
62000805,10000003,BMW,BMW M3,I7514VA6N02J49T3Q,7051-UA-6
62000806,10000003,Opel,Opel Corsa,5N1SD80Q447UM0I84,5366-IZ-5
62000807,10000002,Audi,Audi A7,S011PKYS6509QX9B0,6277-BR-7
62000808,10000001,VW,VW Jetta,3X453HF5N10D0Z0L1,7979-QH-6
62000809,10000003,Opel,Opel Astra H,696L9G5G5I40HF03E,2299-HD-5
62000810,10000003,VW,VW Jetta,3W9524L68E9J83F1V,1935-LE-7
62000811,10000003,Toyota,Toyota RAV4,SWM3985G43F22MCE9,6988-PC-7
62000812,10000000,Opel,Opel Corsa,FVNMH9WXW89L24XAO,8397-CM-5
62000813,10000001,Audi,Audi A4,537ZDJWD0QA5YQ0ES,3810-AY-7
62000814,10000002,Toyota,Toyota RAV4,8N20JZ739480VZ5CN,5839-OR-7
62000815,10000003,Toyota,Toyota RAV4,31GINUGIHXN75B759,0162-HW-5
62000816,10000000,Audi,Audi A6,6275LU94701CU8R41,1117-XY-7
62000817,10000000,Audi,Audi A7,GEB3420MX88UONQ57,4000-FM-7
62000818,10000004,BMW,BMW X6,001TI7A78FU491XVW,5766-JP-7
62000819,10000002,Opel,Opel Astra H,1EX4AD75A76Q677PF,8957-PE-6
62000820,10000003,Tesla,Tesla Model S,RW95UUV73JKH61HIR,6622-EG-7
62000821,10000000,Audi,Audi A7,084QUU97JSVY7XB08,2979-XO-6
62000822,10000000,Toyota,Toyota RAV4,1A226YJ6X227UOX1Y,4433-VL-7
62000823,10000004,Audi,Audi A4,EUWAXGFH349CK0S65,9911-SU-7
62000824,10000004,Audi,Audi A4,X793871UL62X7V722,1212-LV-7
62000825,10000000,VW,VW Golf 5,T3GOBZC1RC3N25O67,2046-LF-5
62000826,10000003,Audi,Audi A6,2RUQ59JC13GNCN9N9,2511-WC-7
62000827,10000002,Audi,Audi A4,5M64C067B70Y0A00D,1159-HX-4
62000828,10000001,Opel,Opel Insignia,I9Z92N702S0QX6C10,2546-KD-7
62000829,10000000,Toyota,Toyota Camry,U009L6NU865GF15U8,9427-IH-6
62000830,10000001,BMW,BMW M4,F245LJZ48057R1RFO,6840-VU-6
62000831,10000002,Opel,Opel Corsa,LS3QZX05R0EIO1K0A,2387-NY-7
62000832,10000001,BMW,BMW M4,D99OY18E3GE3P3408,9632-YV-6
62000833,10000001,Audi,Audi A6,WF76U6Z51499Z6XJ3,3581-OG-7
62000834,10000002,VW,VW Golf 5,2Q9Z1756SY2L74DT7,6724-YG-7
62000835,10000003,BMW,BMW X6,AGI40472874XP73V9,0685-JE-7
62000836,10000001,Audi,Audi A6,6QUVDS87AD14QOADQ,1289-PJ-5
62000837,10000004,VW,VW Golf 5,QCO8GEK5K6R956PW2,2231-OW-7
62000838,10000003,BMW,BMW M4,5INI6F4VV782O9972,9104-JH-1
62000839,10000001,Opel,Opel Corsa,800Q623O89GJ2DDPY,5835-XI-7
62000840,10000001,VW,VW Jetta,89461P811W8Z93TV4,2646-WP-7
62000841,10000002,Tesla,Tesla Model S,L3KA96V287P2E8891,6968-CD-5
62000842,10000004,Tesla,Tesla Model S,3J4793FK0G31431YV,4275-BI-7
62000843,10000004,BMW,BMW X6,9326O2BP1AH5WSD6A,7545-BE-7
62000844,10000000,Audi,Audi A4,8ID8OYO93SX510LKG,2661-YV-7
62000845,10000003,BMW,BMW M4,6V4Q0G0PXQNZF9Z1L,4539-GZ-7
62000846,10000004,Audi,Audi A7,UD8TDT64I3P8RB15O,4511-SM-6
62000847,10000003,Toyota,Toyota RAV4,WXT64345940KV4331,7873-ZO-6
62000848,10000001,VW,VW Golf 4,5GZ9LJ312SSC5KVCA,1725-BD-7
62000849,10000001,VW,VW Golf 5,730M418K03W5H5UR2,4461-WK-5
62000850,10000002,Audi,Audi A6,UQSG8012649GS1I11,8848-ZE-6
62000851,10000000,Opel,Opel Astra H,413O341Q5QSUG5F1M,1174-VF-7
62000852,10000001,VW,VW Golf 4,G5XD89X5TI90DOXN2,1381-EQ-6
62000853,10000002,Tesla,Tesla Model S,LH5KXTMP2V2PV6GU6,3299-RN-7
62000854,10000003,Opel,Opel Astra H,H1N5F6663SJUGF0Y8,8193-YS-7
62000855,10000004,Tesla,Tesla Model S,47L4U763Z5V67AN42,9189-CX-7
62000856,10000001,BMW,BMW M4,3HX5O96NKRMG5A3E7,2564-XR-6
62000857,10000000,Opel,Opel Astra H,727755J02N0QLE5T6,9094-FO-6
62000858,10000000,Tesla,Tesla Model S,8OG9UBJBGC02OH0NK,5136-CN-7
62000859,10000002,Tesla,Tesla Model S,B7F7PR5MB7Y91KCAT,5863-LU-7
62000860,10000000,BMW,BMW M3,F092C99TO5S8B3U9D,6047-NW-7
62000861,10000000,Audi,Audi A4,PCR7MY2QW67A769G1,0827-ZL-7
62000862,10000002,BMW,BMW M3,H80Q8D61DWFU793E5,7916-MD-7
62000863,10000004,VW,VW Golf 5,N669WPBZ2XB008O8S,4849-OB-7
62000864,10000001,Tesla,Tesla Model S,M32OM57KS78A8D380,3727-YS-7
62000865,10000003,BMW,BMW M3,CT749C4R9AZWE2Z06,9751-DG-7
62000866,10000001,Opel,Opel Corsa,EVPVRP164YS59ZJ0N,1787-CN-7
62000867,10000001,Audi,Audi A7,183I5Z048279W7U74,8900-IO-7
62000868,10000001,VW,VW Jetta,XS239T6VF87187NI7,8683-TX-7
62000869,10000002,Toyota,Toyota Camry,H0Q4IG6480AU4P111,9496-PB-7
62000870,10000000,VW,VW Jetta,YP66UMNU0CGS87W8Y,8089-YL-7
62000871,10000002,BMW,BMW M3,T9332K9MH5HG93781,0466-LI-4
62000872,10000000,Opel,Opel Astra H,R0MVG11R798M1FX1D,6263-BR-7
62000873,10000004,Opel,Opel Insignia,IU7YOQ4Y2A52HXXT7,5598-BD-4
62000874,10000000,Audi,Audi A7,3A37W51U87314U7QC,6596-CV-6
62000875,10000003,Toyota,Toyota Camry,16CDJ6F93K94C6SF6,9956-ZE-7
62000876,10000002,BMW,BMW M4,DB4XYNR7EX18849BG,7202-MN-7
62000877,10000001,Toyota,Toyota RAV4,13A110Q1MZVS24SK4,0632-IG-7
62000878,10000003,Opel,Opel Corsa,T5F11CAM573XY8LBP,1093-UW-7
62000879,10000003,Audi,Audi A7,L33NZOAH71CSRKW87,3609-NV-6
62000880,10000004,Toyota,Toyota RAV4,XKV21C9BLZ9D1Z2PI,2796-YI-7
62000881,10000002,Toyota,Toyota RAV4,59OD41ID5FVE1ZT45,8846-LG-7
62000882,10000004,Opel,Opel Insignia,KWN922SD9369KLNP0,7933-HE-7
62000883,10000002,Audi,Audi A7,8PW8QPI0Q4MU3J6N3,9413-PA-7
62000884,10000004,Audi,Audi A6,88H0U2917SRYK59A5,7839-RW-7
62000885,10000000,Audi,Audi A4,K962OYF65GJP5HNNM,3433-PX-7
62000886,10000002,VW,VW Jetta,3EX732Q4D0848000O,5489-SJ-6
62000887,10000003,BMW,BMW M4,9ACY5IYY5AH9I6I8U,6421-PT-6
62000888,10000000,Audi,Audi A4,PY8OE9G41XX44YERK,0341-BF-6
62000889,10000003,BMW,BMW M4,77R592048M075JJZ9,0201-KD-7
62000890,10000004,Opel,Opel Astra H,FUUZ1416XN249TEV3,7655-JZ-7
62000891,10000004,Tesla,Tesla Model S,3J909DV3774ZYTYVM,4069-LF-7
62000892,10000003,BMW,BMW M3,M03MS7YQMFV8E4LA2,5718-KI-7
62000893,10000004,Opel,Opel Corsa,81BEFOG1PFXOA86Y6,7490-LO-7
62000894,10000002,VW,VW Golf 5,6C36NMO88K2P6Y6V3,5541-XA-7
62000895,10000001,VW,VW Golf 4,11Y434MR6JVSF5VB9,5846-RI-7
62000896,10000002,BMW,BMW M4,G34C8E294WI3E97C2,4596-YH-7
62000897,10000002,Tesla,Tesla Model S,57V95065X609D6692,6976-YU-6
62000898,10000000,Toyota,Toyota Camry,7X7V563PC744L7H1J,8506-OI-6
62000899,10000004,Audi,Audi A7,M451TH7459GR79YSI,8220-IH-7
62000900,10000003,VW,VW Golf 4,VA2P4Q8V60XG6YIT1,7090-OE-7
62000901,10000001,Opel,Opel Astra H,O4J29057H4H2XG6O5,9832-XR-7
62000902,10000001,Opel,Opel Insignia,QMY3CMYU058N0HY9V,6728-CB-7
62000903,10000001,VW,VW Golf 5,W0635KBX63EJ8T0I7,8351-XH-4
62000904,10000002,Opel,Opel Astra H,F8B5V89ZJF0434T19,5855-DZ-7
62000905,10000004,Audi,Audi A7,M10O35I4FI0FBKNDD,9350-GE-7
62000906,10000003,Opel,Opel Insignia,FF3IVG0J9D4496T81,8291-AO-6
62000907,10000001,Tesla,Tesla Model S,L6GG5671831676F41,6182-MJ-6
62000908,10000003,Opel,Opel Insignia,15R6S220V1QOAIRSX,9630-GW-7
62000909,10000001,VW,VW Jetta,80080647I28WV5JX6,4109-IF-7
62000910,10000001,Toyota,Toyota Camry,59V62U28DQ6EKF7YO,8416-CX-7
62000911,10000003,BMW,BMW M3,HG1881C4SJEY14XIJ,0074-TJ-7
62000912,10000000,BMW,BMW M3,8C162F98C188743H0,0249-DW-6
62000913,10000002,Audi,Audi A4,E2O3P0892V51W6TJG,4752-PE-6
62000914,10000002,VW,VW Jetta,BP39GX2FHT2RWR0QY,0734-NR-6
62000915,10000004,Audi,Audi A7,M0Z9P7X68095S4BK1,5556-XQ-7
62000916,10000000,Toyota,Toyota Camry,JFCX7I9F47RE040B1,0066-OD-4
62000917,10000000,Audi,Audi A7,9Y60RUAF5U7HNFEBY,0854-OY-6
62000918,10000004,Audi,Audi A4,3SM6R5I50XZ3185F7,2012-LO-7
62000919,10000001,BMW,BMW X6,9BJQ89D2H107S45Z6,5801-UG-5
62000920,10000000,Audi,Audi A6,R625R3MO8AX5I1Y79,0103-ZR-6
62000921,10000001,Opel,Opel Corsa,0ZH92J8472D8N611A,0383-YI-6
62000922,10000001,Opel,Opel Corsa,8A47MNX63A7885141,7268-GK-5
62000923,10000001,Opel,Opel Corsa,EYS2160XM8507R2V5,5435-KW-7
62000924,10000004,Audi,Audi A4,74027Y3YIEN765E0O,9226-OH-5
62000925,10000000,BMW,BMW M4,8E80GD6U5160LQ4S5,3009-KL-4
62000926,10000002,Toyota,Toyota RAV4,W50HZ4457T1F28P2D,2393-HI-5
62000927,10000002,BMW,BMW X6,YR3YVPCPQ69C84Z06,3305-XI-4
62000928,10000004,VW,VW Golf 5,A4EQ7JX5A5104DZO6,9709-XI-7
62000929,10000003,Audi,Audi A4,V193N8SQ14K9Q62D9,6436-TW-7
62000930,10000003,BMW,BMW M4,39IL3RW7X744N6853,4449-RC-5
62000931,10000004,VW,VW Jetta,N3N1NP9BUJSLLBJ67,0664-TW-4
62000932,10000003,Opel,Opel Insignia,TKR366TTFOEI3B283,9582-IP-7
62000933,10000000,Opel,Opel Corsa,66G2Z7047W107L28A,9506-NE-5
62000934,10000000,Audi,Audi A4,28PRALZ45SZ304143,4096-JK-7
62000935,10000002,VW,VW Golf 5,24Q3T0A8Y9P26VN40,9679-TZ-7
62000936,10000002,BMW,BMW X6,4L6GX1I799WCHXNWJ,4416-QN-7
62000937,10000002,Audi,Audi A4,93A28B2EG262Q5337,0653-VC-7
62000938,10000004,Opel,Opel Astra H,K001F45DI1D7P5A01,3602-BN-7
62000939,10000001,BMW,BMW M3,22D38Z4PW4SNP9J6O,3380-CU-6
62000940,10000004,VW,VW Jetta,419H409832IP3207Y,9346-PR-7
62000941,10000001,BMW,BMW M3,53RK8N9C4T9V1ZD96,0443-MJ-7
62000942,10000001,Audi,Audi A7,86TAWU5UMM09RE2UR,3147-OH-7
62000943,10000002,Audi,Audi A4,5FCR1394GJ2B40582,1409-PX-6
62000944,10000000,BMW,BMW X6,0B4J6S1X2CZ4SO6YZ,5020-UP-7
62000945,10000002,BMW,BMW X6,8Z7D91PX9118FFJ1A,9902-EN-7
62000946,10000004,BMW,BMW M3,7480HW03V946S2361,6183-PV-4
62000947,10000002,BMW,BMW M3,3WS5910BF9764LO3D,0862-NX-6
62000948,10000000,Opel,Opel Astra H,OB50M68U6B6A775R5,7844-OQ-6
62000949,10000003,Audi,Audi A7,T45P80W8R535QSX96,9860-ZU-5
62000950,10000001,BMW,BMW X6,816J91P5J1I4953YR,4904-VX-6
62000951,10000000,VW,VW Jetta,24P2H92Q146173RBZ,4455-KT-7
62000952,10000003,Opel,Opel Insignia,8S6U02O2DZ69YKOU0,9922-VP-7
62000953,10000000,Toyota,Toyota RAV4,567DTZ2773NTGL35S,1034-UF-5
62000954,10000002,Tesla,Tesla Model S,GN8688T87U25U57O6,8502-RT-3
62000955,10000004,Toyota,Toyota Camry,18M6PZ15R552LYJ95,3622-IH-7
62000956,10000004,VW,VW Golf 5,1278KN52VNE9Q538S,2293-FJ-7
62000957,10000004,Audi,Audi A6,02307O0NWYKFJI95W,3127-PR-7
62000958,10000000,BMW,BMW X6,L430466CM4T7L6L3G,2099-PM-6
62000959,10000003,Audi,Audi A4,T528L13XI1E0318S0,1199-SF-6
62000960,10000003,VW,VW Jetta,TR948ECGG4GVY4JVA,0208-YR-4
62000961,10000002,BMW,BMW M3,7ZFZ96WF5TA1CLL8O,1055-UF-7
62000962,10000001,BMW,BMW M4,U66GA01GZ3NBS259O,1777-ZI-4
62000963,10000002,VW,VW Jetta,201Q0TF2OQ0CD0560,4622-SB-7
62000964,10000002,Audi,Audi A4,61S0FTNO3BE12T7T1,2850-NU-5
62000965,10000001,BMW,BMW M3,SNHH492Q1K2H72AHR,9669-XZ-7
62000966,10000001,BMW,BMW M3,THC2ADYM5L90MV3AJ,2896-CZ-7
62000967,10000000,VW,VW Jetta,F10Y3CPF0PR797UJ5,0408-BE-7
62000968,10000003,Toyota,Toyota Camry,08Y5CK8DM6OB62QSS,5953-CL-7
62000969,10000000,Opel,Opel Astra H,2Z7F64UZNFZRY2MW7,0675-ZI-6
62000970,10000002,BMW,BMW M3,Q1R794MZ5NRAS6I6K,9584-CF-7
62000971,10000004,Tesla,Tesla Model S,3843WL5698KQT2DU5,3158-UO-5
62000972,10000002,Audi,Audi A6,886510A96N9DS22DF,7637-DW-6
62000973,10000004,Tesla,Tesla Model S,2E2G4T5H2TBB81C7J,3056-RH-4
62000974,10000001,Tesla,Tesla Model S,D47J30OHQ4KX153FH,1266-ZU-7
62000975,10000002,Opel,Opel Insignia,T808N6F70YQ54Z5SG,2731-ZG-7
62000976,10000000,VW,VW Golf 5,3OA00036FP143S9K6,5923-NG-5
62000977,10000000,Audi,Audi A7,61R3S3M9S7RZ6YA78,0900-ZR-6
62000978,10000000,BMW,BMW M4,6260NI38UH9RSYZOL,6004-OH-7
62000979,10000004,VW,VW Jetta,67S7E34D04B9C86QP,9979-NI-7
62000980,10000000,VW,VW Golf 4,2VO4BU7405444V03U,4787-HQ-6
62000981,10000004,Audi,Audi A7,5DPXLJY59R12QG135,3767-FR-1
62000982,10000003,BMW,BMW M4,0A332742E32TZNS67,7600-WG-7
62000983,10000001,VW,VW Golf 4,953UX68QR2ZU72VK2,5525-YK-7
62000984,10000003,Audi,Audi A4,NB3695E3DGI2KVOZ1,6068-MZ-7
62000985,10000002,Tesla,Tesla Model S,CJ42RK2H54A975G10,1537-EO-7
62000986,10000000,VW,VW Jetta,E208JC5SD77TTR36L,3698-QJ-5
62000987,10000004,Toyota,Toyota RAV4,EJ2NNHQP7U2D7AMWQ,4856-CP-5
62000988,10000002,Opel,Opel Corsa,D476J4828K5QWB1N8,7513-HJ-7
62000989,10000000,Audi,Audi A6,82YOSO83G5L239N12,5293-AS-7
62000990,10000004,Opel,Opel Astra H,6OE9MZYR24XRG949L,3210-HF-7
62000991,10000003,Toyota,Toyota Camry,HK5B5TH3P30HI4TL0,8665-QN-2
62000992,10000002,Opel,Opel Astra H,50GNOQCW781O5KW08,8706-WE-7
62000993,10000002,BMW,BMW M4,KC2XGO40HQ9371E99,0810-OW-5
62000994,10000000,Opel,Opel Astra H,SP8W4M8V1KRHEP3X2,1130-PY-7
62000995,10000000,BMW,BMW M4,9TH0HN988C9WW65NM,7522-TX-7
62000996,10000003,VW,VW Golf 4,J6LA4PR0KN90V00BB,6913-RB-5
62000997,10000004,Opel,Opel Astra H,AF434GT6H31VVKO9A,3223-HB-7
62000998,10000004,Opel,Opel Astra H,B1854903JG6TV5KZ0,9751-TS-7
62000999,10000003,Audi,Audi A6,63JM5W9R6SK4HXYB2,2062-PM-6