SERVICEID,CARID,STARTDATE,ENDDATE,DESCR,AMOUNT,CURRENCY
1000000,62000969,2016-04-01,2016-04-09,nonummy maecenas tincidunt lacus,6.32,EUR
1000001,62000106,2017-01-04,2017-01-10,parturient montes,8.55,BYN
1000002,62000045,2016-10-18,2016-10-24,augue aliquam erat volutpat,7.70,USD
1000003,62000078,2016-11-27,2016-11-29,ut,2.33,USD
1000004,62000066,2017-02-26,2017-03-15,duis at velit,0.82,USD
1000005,62000228,2016-09-11,2016-10-02,pede morbi porttitor,0.90,EUR
1000006,62000623,2016-07-28,2016-08-10,mauris vulputate,1.52,USD
1000007,62000926,2017-01-18,2017-02-16,tempus,8.16,BYN
1000008,62000056,2016-08-01,2016-08-03,maecenas ut,6.37,BYN
1000009,62000380,2016-05-24,2016-06-14,a pede,3.62,USD
1000010,62000998,2016-11-30,2016-12-08,nec nisi,5.26,EUR
1000011,62000233,2017-02-20,2017-03-22,commodo vulputate,0.13,EUR
1000012,62000945,2016-10-13,2016-10-13,sit amet nunc,9.24,USD
1000013,62000990,2016-06-07,2016-06-21,fermentum,6.48,EUR
1000014,62000046,2016-09-30,2016-10-17,neque vestibulum eget,6.01,BYN
1000015,62000931,2017-03-12,2017-04-11,magna ac,9.45,EUR
1000016,62000095,2016-07-13,2016-07-18,penatibus et magnis dis,3.16,BYN
1000017,62000130,2016-05-21,2016-06-07,massa id,0.96,EUR
1000018,62000973,2016-07-31,2016-08-28,arcu libero,6.56,EUR
1000019,62000560,2016-04-03,2016-04-08,felis eu,2.83,BYN
1000020,62000884,2017-02-15,2017-03-11,aliquam erat,8.10,EUR
1000021,62000770,2016-06-03,2016-06-18,nec euismod scelerisque quam,5.77,BYN
1000022,62000137,2016-04-04,2016-05-02,duis bibendum felis,7.09,BYN
1000023,62000052,2016-07-23,2016-08-02,vestibulum velit id,1.52,EUR
1000024,62000594,2016-11-16,2016-12-16,venenatis lacinia aenean sit,9.61,USD
1000025,62000629,2017-02-28,2017-03-04,turpis integer,7.84,USD
1000026,62000323,2016-09-22,2016-09-26,libero convallis eget,5.93,BYN
1000027,62000504,2016-11-19,2016-12-07,adipiscing lorem vitae,4.10,EUR
1000028,62000314,2016-08-05,2016-08-16,sapien sapien non mi,5.96,BYN
1000029,62000813,2016-06-25,2016-07-25,consequat,2.89,USD
1000030,62000356,2017-03-16,2017-04-13,luctus et,3.83,USD
1000031,62000992,2016-06-02,2016-06-28,ante nulla,8.69,EUR
1000032,62000362,2016-06-16,2016-06-24,volutpat quam pede lobortis,2.95,USD
1000033,62000289,2016-05-02,2016-05-17,id mauris vulputate,1.57,BYN
1000034,62000551,2016-10-26,2016-11-16,turpis enim blandit mi,9.26,USD
1000035,62000185,2016-12-27,2017-01-20,id lobortis convallis tortor,9.08,BYN
1000036,62000105,2016-11-09,2016-12-08,praesent blandit lacinia,9.89,BYN
1000037,62000589,2016-04-23,2016-04-29,eros elementum,0.03,USD
1000038,62000728,2017-02-07,2017-03-06,rutrum,8.82,EUR
1000039,62000462,2016-07-01,2016-07-26,diam,3.25,USD
1000040,62000397,2016-10-11,2016-10-25,quis libero,3.41,USD
1000041,62000194,2016-09-16,2016-09-26,etiam faucibus cursus urna,1.13,USD
1000042,62000945,2016-04-26,2016-05-22,convallis nunc,8.35,BYN
1000043,62000651,2016-12-19,2016-12-30,ac est lacinia nisi,8.43,EUR
1000044,62000141,2016-10-10,2016-10-18,id justo,8.70,BYN
1000045,62000410,2016-10-24,2016-11-15,quam a,2.47,USD
1000046,62000587,2016-06-07,2016-06-16,pede ullamcorper,2.64,USD
1000047,62000598,2016-12-21,2016-12-28,consequat metus sapien,2.01,EUR
1000048,62000277,2016-09-06,2016-09-18,maecenas,6.46,BYN
1000049,62000115,2016-09-05,2016-09-17,quam fringilla rhoncus,8.80,BYN
1000050,62000410,2017-01-10,2017-01-14,nulla quisque arcu,4.17,USD
1000051,62000451,2017-01-19,2017-01-22,integer a,1.55,BYN
1000052,62000158,2016-10-13,2016-11-05,eleifend,5.11,BYN
1000053,62000412,2016-09-15,2016-10-14,ut massa volutpat,4.83,USD
1000054,62000014,2016-12-30,2017-01-27,vestibulum sagittis sapien,0.11,EUR
1000055,62000759,2016-06-23,2016-07-12,maecenas rhoncus aliquam lacus,4.92,USD
1000056,62000121,2016-03-24,2016-03-31,turpis eget elit sodales,9.61,BYN
1000057,62000139,2017-01-09,2017-01-22,leo pellentesque,7.54,BYN
1000058,62000876,2016-07-11,2016-07-31,magna,4.05,EUR
1000059,62000747,2016-11-11,2016-11-20,sapien,6.94,EUR
1000060,62000433,2016-08-26,2016-09-24,mi integer ac,1.06,EUR
1000061,62000924,2016-05-27,2016-06-16,mauris enim leo,5.99,EUR
1000062,62000177,2016-09-09,2016-10-01,dolor morbi vel lectus,0.96,USD
1000063,62000836,2017-01-20,2017-02-05,quam,6.96,BYN
1000064,62000185,2016-05-15,2016-06-14,mauris sit amet eros,3.79,USD
1000065,62000305,2016-10-22,2016-10-22,id massa id,4.10,USD
1000066,62000381,2016-08-23,2016-09-06,hac habitasse platea,0.40,EUR
1000067,62000209,2016-07-16,2016-07-20,faucibus cursus urna ut,4.71,USD
1000068,62000554,2016-05-14,2016-05-20,cursus id turpis,1.54,USD
1000069,62000103,2017-01-11,2017-01-28,potenti cras in purus,8.24,USD
1000070,62000111,2016-09-16,2016-10-14,lacinia eget tincidunt eget,7.75,BYN
1000071,62000102,2016-05-13,2016-05-30,id,0.37,BYN
1000072,62000228,2016-09-06,2016-09-23,mattis egestas,9.17,USD
1000073,62000023,2016-09-22,2016-10-10,ultrices,0.23,BYN
1000074,62000722,2016-06-10,2016-06-26,justo nec,9.72,BYN
1000075,62000495,2016-10-20,2016-11-03,mi sit amet lobortis,2.85,BYN
1000076,62000326,2017-01-01,2017-01-02,dapibus at,5.11,BYN
1000077,62000534,2016-04-24,2016-05-11,quis,9.34,BYN
1000078,62000717,2016-09-02,2016-09-12,posuere cubilia,9.79,BYN
1000079,62000209,2016-09-25,2016-09-30,sed vestibulum sit,2.32,EUR
1000080,62000158,2016-10-14,2016-10-29,magna at,4.43,EUR
1000081,62000775,2017-03-10,2017-03-18,sit,5.44,EUR
1000082,62000686,2016-04-26,2016-05-01,at vulputate,5.49,EUR
1000083,62000847,2016-03-19,2016-03-25,blandit,3.00,EUR
1000084,62000020,2016-03-23,2016-04-14,velit,4.17,USD
1000085,62000627,2016-05-19,2016-06-02,orci luctus et ultrices,4.20,EUR
1000086,62000890,2016-06-05,2016-06-19,erat tortor sollicitudin,9.80,EUR
1000087,62000444,2016-08-22,2016-09-21,erat,7.33,EUR
1000088,62000829,2017-02-17,2017-03-03,id,2.82,USD
1000089,62000635,2017-01-14,2017-01-28,eget,2.69,USD
1000090,62000521,2016-10-06,2016-10-24,nibh,1.49,BYN
1000091,62000664,2016-04-07,2016-04-28,lacus at velit,3.15,EUR
1000092,62000484,2016-05-22,2016-06-19,eleifend pede libero quis,8.07,USD
1000093,62000552,2016-06-25,2016-07-11,integer non velit,6.41,EUR
1000094,62000938,2016-09-19,2016-09-19,felis ut at,1.38,BYN
1000095,62000632,2016-10-29,2016-11-28,in ante vestibulum ante,4.31,EUR
1000096,62000927,2016-08-05,2016-09-04,eu,2.78,EUR
1000097,62000948,2016-12-05,2016-12-16,blandit mi in porttitor,5.27,USD
1000098,62000149,2016-08-27,2016-09-12,accumsan felis ut at,4.82,USD
1000099,62000736,2016-12-04,2016-12-11,at vulputate vitae,1.34,BYN
1000100,62000620,2016-08-03,2016-08-25,ut odio cras,0.43,USD
1000101,62000210,2016-11-15,2016-12-05,eleifend,3.42,USD
1000102,62000202,2016-09-23,2016-10-09,semper rutrum nulla nunc,1.60,USD
1000103,62000715,2016-11-14,2016-12-02,habitasse,9.33,USD
1000104,62000594,2016-11-07,2016-11-22,curae nulla,9.75,USD
1000105,62000381,2016-07-02,2016-07-31,donec quis orci,7.80,EUR
1000106,62000510,2016-08-24,2016-08-27,feugiat,1.30,EUR
1000107,62000151,2017-02-08,2017-03-05,semper interdum mauris ullamcorper,2.96,BYN
1000108,62000114,2016-09-07,2016-09-14,tristique in,0.70,USD
1000109,62000801,2017-02-19,2017-03-20,sit amet erat nulla,3.11,EUR
1000110,62000461,2016-04-09,2016-05-03,morbi,4.18,BYN
1000111,62000154,2016-06-02,2016-07-02,ligula suspendisse ornare consequat,3.18,USD
1000112,62000444,2016-06-17,2016-07-14,justo sit,9.64,BYN
1000113,62000249,2016-08-17,2016-08-18,convallis nunc,5.56,USD
1000114,62000310,2017-01-02,2017-01-30,cras mi pede,1.74,BYN
1000115,62000579,2017-01-19,2017-02-06,in hac,3.90,BYN
1000116,62000104,2016-12-23,2016-12-26,rutrum ac,2.80,EUR
1000117,62000430,2016-08-30,2016-09-17,quis orci eget,3.39,USD
1000118,62000368,2017-01-10,2017-01-26,sit,5.30,EUR
1000119,62000422,2016-04-16,2016-04-24,sit amet cursus id,8.95,BYN
1000120,62000661,2016-06-09,2016-06-18,odio consequat,1.64,USD
1000121,62000136,2016-09-10,2016-10-07,enim lorem ipsum dolor,8.75,EUR
1000122,62000175,2016-06-07,2016-06-16,eleifend donec,7.57,USD
1000123,62000739,2017-01-20,2017-01-25,ullamcorper purus,4.13,USD
1000124,62000712,2017-01-01,2017-01-07,at lorem integer,6.67,BYN
1000125,62000171,2016-06-08,2016-07-04,velit,6.56,EUR
1000126,62000351,2016-06-27,2016-07-20,tempor convallis nulla neque,8.66,BYN
1000127,62000148,2017-01-08,2017-01-08,nam tristique tortor,3.16,EUR
1000128,62000987,2016-06-29,2016-07-06,quis lectus suspendisse,3.37,USD
1000129,62000816,2016-06-17,2016-06-22,libero,1.22,BYN
1000130,62000388,2016-04-30,2016-05-13,aenean fermentum,9.95,USD
1000131,62000388,2016-08-03,2016-08-30,donec quis orci eget,0.09,BYN
1000132,62000735,2016-05-27,2016-06-21,integer non,1.30,USD
1000133,62000355,2016-05-23,2016-06-02,pellentesque at nulla suspendisse,0.04,USD
1000134,62000013,2016-06-02,2016-06-30,ut erat,9.72,BYN
1000135,62000038,2016-09-02,2016-09-12,quam,3.66,EUR
1000136,62000673,2016-05-10,2016-05-30,hac habitasse,7.43,USD
1000137,62000333,2016-07-06,2016-07-25,orci vehicula,5.82,EUR
1000138,62000092,2016-09-04,2016-09-11,imperdiet sapien,7.45,BYN
1000139,62000926,2016-11-01,2016-11-29,eu magna vulputate,0.84,BYN
1000140,62000802,2016-05-28,2016-05-31,posuere nonummy,3.47,BYN
1000141,62000952,2016-12-24,2016-12-27,vestibulum aliquet ultrices erat,5.29,EUR
1000142,62000285,2016-04-19,2016-05-05,tempus vel,6.74,USD
1000143,62000716,2016-11-30,2016-12-03,et magnis,9.98,USD
1000144,62000165,2016-12-05,2017-01-04,in,3.77,BYN
1000145,62000511,2017-03-07,2017-03-23,justo aliquam quis turpis,1.37,BYN
1000146,62000079,2017-01-18,2017-02-07,sed,7.00,USD
1000147,62000247,2017-03-14,2017-03-29,interdum eu,4.57,EUR
1000148,62000015,2016-08-06,2016-08-09,vel enim,2.57,BYN
1000149,62000999,2016-06-13,2016-07-08,tristique tortor eu pede,4.84,USD
1000150,62000718,2016-04-29,2016-05-24,pretium nisl,3.77,EUR
1000151,62000702,2016-12-08,2016-12-17,eu felis fusce posuere,0.50,BYN
1000152,62000390,2016-06-26,2016-07-14,nulla ultrices aliquet maecenas,2.78,BYN
1000153,62000832,2016-12-10,2016-12-22,sollicitudin mi,5.15,EUR
1000154,62000610,2016-10-17,2016-11-05,amet,8.57,EUR
1000155,62000498,2016-09-10,2016-09-28,nec dui luctus,2.23,EUR
1000156,62000695,2016-12-01,2016-12-07,ante ipsum,3.95,BYN
1000157,62000614,2016-05-01,2016-05-30,et commodo vulputate justo,8.87,BYN
1000158,62000387,2016-12-31,2017-01-04,fermentum donec ut,7.97,EUR
1000159,62000818,2016-11-03,2016-12-01,orci pede venenatis non,3.86,EUR
1000160,62000379,2016-03-28,2016-04-10,vel,9.48,BYN
1000161,62000309,2016-10-11,2016-10-13,non,2.30,USD
1000162,62000650,2016-05-13,2016-06-01,libero,0.27,BYN
1000163,62000201,2016-07-20,2016-07-25,posuere cubilia,2.03,USD
1000164,62000504,2017-03-05,2017-03-31,eros vestibulum ac est,7.20,EUR
1000165,62000325,2016-10-30,2016-11-17,erat volutpat,5.85,BYN
1000166,62000200,2017-01-02,2017-01-18,in,5.84,USD
1000167,62000559,2016-04-01,2016-04-04,at lorem,2.23,USD
1000168,62000493,2016-03-19,2016-04-08,diam nam tristique,1.88,EUR
1000169,62000470,2016-08-26,2016-08-31,morbi,9.44,BYN
1000170,62000402,2016-12-15,2016-12-31,amet justo,9.44,EUR
1000171,62000647,2016-12-25,2016-12-30,libero rutrum,1.71,USD
1000172,62000559,2016-07-24,2016-08-18,neque sapien,9.76,USD
1000173,62000652,2016-11-22,2016-12-19,ipsum aliquam non mauris,1.48,BYN
1000174,62000916,2016-04-08,2016-04-14,nascetur ridiculus mus,3.52,EUR
1000175,62000916,2017-01-11,2017-01-30,augue,2.41,EUR
1000176,62000584,2016-06-20,2016-06-22,turpis a pede posuere,1.65,EUR
1000177,62000967,2016-12-30,2017-01-12,sapien placerat,5.41,BYN
1000178,62000822,2016-08-01,2016-08-10,bibendum,6.20,BYN
1000179,62000517,2016-03-18,2016-03-31,erat tortor,2.78,EUR
1000180,62000590,2016-06-28,2016-07-14,lacus morbi quis,6.07,BYN
1000181,62000314,2016-07-07,2016-07-07,scelerisque mauris sit amet,1.04,BYN
1000182,62000149,2016-10-02,2016-10-20,gravida sem praesent,4.55,BYN
1000183,62000528,2016-11-29,2016-12-03,ut,6.10,EUR
1000184,62000379,2017-02-18,2017-03-11,vehicula,3.36,BYN
1000185,62000201,2016-07-23,2016-08-17,tincidunt lacus,6.31,USD
1000186,62000918,2016-11-08,2016-12-07,semper interdum mauris ullamcorper,3.32,EUR
1000187,62000764,2016-12-01,2016-12-09,tincidunt ante,5.60,USD
1000188,62000852,2016-07-21,2016-08-14,platea dictumst morbi vestibulum,8.00,USD
1000189,62000997,2016-04-14,2016-05-09,consequat in consequat,2.57,USD
1000190,62000480,2016-03-27,2016-04-05,pede venenatis non,0.95,EUR
1000191,62000285,2017-01-06,2017-01-09,orci eget orci,2.14,EUR
1000192,62000894,2016-10-20,2016-11-10,laoreet ut,9.41,EUR
1000193,62000786,2016-10-10,2016-11-01,et ultrices posuere,3.18,USD
1000194,62000768,2016-09-03,2016-09-10,ligula pellentesque,8.43,EUR
1000195,62000905,2017-03-05,2017-03-28,integer a nibh,5.63,USD
1000196,62000703,2017-01-24,2017-02-21,turpis enim blandit,0.48,BYN
1000197,62000860,2016-06-15,2016-07-02,arcu libero rutrum,8.36,EUR
1000198,62000562,2016-09-06,2016-10-02,blandit,5.71,USD
1000199,62000265,2016-12-31,2017-01-02,dolor sit amet consectetuer,5.87,EUR
1000200,62000595,2016-10-08,2016-11-02,quis justo maecenas rhoncus,6.41,EUR
1000201,62000790,2016-10-07,2016-10-10,nulla,2.04,USD
1000202,62000662,2016-04-13,2016-04-24,amet nulla quisque,1.76,BYN
1000203,62000300,2016-08-14,2016-09-11,sapien placerat ante,6.56,BYN
1000204,62000366,2016-11-22,2016-12-20,lorem,9.19,USD
1000205,62000942,2016-09-02,2016-09-25,tristique,9.33,USD
1000206,62000699,2016-09-02,2016-09-25,volutpat dui maecenas,0.56,USD
1000207,62000714,2016-09-29,2016-10-21,vestibulum proin eu mi,3.30,BYN
1000208,62000686,2016-04-03,2016-04-26,sem sed sagittis,5.92,BYN
1000209,62000844,2017-02-11,2017-02-23,velit,5.60,BYN
1000210,62000498,2016-09-11,2016-10-02,odio curabitur convallis duis,7.83,USD
1000211,62000185,2016-11-10,2016-12-06,in hac habitasse platea,0.60,USD
1000212,62000063,2016-10-15,2016-11-08,ac diam cras pellentesque,2.57,EUR
1000213,62000539,2017-02-11,2017-02-25,sodales,5.81,USD
1000214,62000296,2016-09-19,2016-09-26,quis,3.64,USD
1000215,62000485,2016-10-02,2016-10-04,tincidunt eget tempus vel,8.34,BYN
1000216,62000240,2016-10-09,2016-10-10,vitae mattis,8.24,BYN
1000217,62000613,2017-03-07,2017-03-13,cursus urna ut,4.55,EUR
1000218,62000156,2016-05-31,2016-06-05,ac diam,2.10,USD
1000219,62000293,2017-01-10,2017-01-24,vestibulum eget,8.17,BYN
1000220,62000873,2017-02-03,2017-03-01,mi sit amet,7.77,USD
1000221,62000292,2016-07-31,2016-08-19,purus,0.63,USD
1000222,62000049,2016-09-23,2016-10-17,sit amet nulla,3.62,BYN
1000223,62000536,2016-12-29,2017-01-02,amet cursus id turpis,2.42,USD
1000224,62000746,2016-03-28,2016-04-04,nisl,5.68,USD
1000225,62000547,2016-12-27,2017-01-02,mattis egestas metus aenean,7.05,USD
1000226,62000732,2017-01-26,2017-02-12,massa quis,6.00,USD
1000227,62000663,2016-10-20,2016-11-14,sagittis,2.66,BYN
1000228,62000338,2016-04-02,2016-04-24,non,3.88,EUR
1000229,62000791,2016-04-16,2016-05-12,convallis,6.74,USD
1000230,62000539,2016-12-21,2016-12-30,est phasellus,9.87,BYN
1000231,62000122,2017-02-09,2017-02-13,venenatis tristique fusce congue,3.91,BYN
1000232,62000352,2016-04-08,2016-04-21,cubilia curae,8.76,EUR
1000233,62000029,2017-01-22,2017-02-19,hac habitasse,8.47,EUR
1000234,62000776,2016-06-01,2016-06-16,vel lectus in quam,6.32,USD
1000235,62000568,2016-10-17,2016-10-31,mi,0.12,USD
1000236,62000140,2016-11-09,2016-11-21,morbi ut odio,9.50,BYN
1000237,62000962,2017-01-11,2017-02-06,morbi non quam,3.28,BYN
1000238,62000902,2016-06-03,2016-06-16,libero,8.35,EUR
1000239,62000066,2017-03-07,2017-04-06,nulla facilisi cras,8.44,BYN
1000240,62000431,2016-03-23,2016-03-25,quisque erat eros viverra,8.02,EUR
1000241,62000828,2016-09-03,2016-09-26,pede,0.67,EUR
1000242,62000381,2016-08-22,2016-08-30,tristique,6.84,EUR
1000243,62000347,2016-05-28,2016-06-15,platea dictumst morbi vestibulum,2.50,USD
1000244,62000658,2016-03-17,2016-03-27,rutrum,7.48,EUR
1000245,62000561,2016-04-15,2016-05-05,sapien non mi integer,0.41,EUR
1000246,62000678,2016-06-25,2016-07-05,vel accumsan tellus,0.74,BYN
1000247,62000834,2016-05-30,2016-06-23,nisi volutpat eleifend,5.98,EUR
1000248,62000460,2016-08-25,2016-09-18,pharetra,3.53,USD
1000249,62000921,2017-01-03,2017-01-03,morbi vel lectus in,7.45,EUR
1000250,62000304,2016-10-15,2016-10-16,tortor,7.43,BYN
1000251,62000979,2016-11-27,2016-12-19,nulla,6.99,EUR
1000252,62000072,2016-11-15,2016-12-13,lorem vitae,1.26,EUR
1000253,62000283,2016-04-17,2016-04-30,vestibulum ac est,2.11,USD
1000254,62000380,2016-11-12,2016-12-12,morbi odio,4.43,USD
1000255,62000877,2017-02-24,2017-03-14,amet sapien dignissim,1.07,USD
1000256,62000227,2016-07-15,2016-07-24,enim blandit mi,0.35,USD
1000257,62000218,2016-07-22,2016-08-21,donec ut dolor morbi,3.30,BYN
1000258,62000543,2016-10-25,2016-11-16,id justo sit amet,1.45,BYN
1000259,62000585,2016-09-28,2016-09-29,in,3.83,BYN
1000260,62000336,2017-01-25,2017-02-03,in hac habitasse,8.46,BYN
1000261,62000035,2016-08-19,2016-09-05,adipiscing elit proin interdum,9.50,USD
1000262,62000293,2016-10-18,2016-10-28,dui vel nisl duis,2.16,USD
1000263,62000417,2017-01-19,2017-01-25,ut ultrices vel augue,8.64,EUR
1000264,62000009,2016-12-12,2016-12-19,pretium nisl ut volutpat,6.60,EUR
1000265,62000058,2016-10-21,2016-11-12,adipiscing elit,3.70,BYN
1000266,62000738,2016-12-01,2016-12-22,vestibulum sagittis,7.58,BYN
1000267,62000392,2016-09-02,2016-09-04,eleifend,3.16,EUR
1000268,62000215,2017-02-09,2017-03-10,tristique in tempus sit,8.92,EUR
1000269,62000823,2016-12-01,2016-12-02,sapien,6.88,USD
1000270,62000864,2016-09-22,2016-09-24,tempor turpis,7.68,USD
1000271,62000412,2016-11-01,2016-11-16,accumsan tellus nisi eu,6.57,BYN
1000272,62000025,2016-03-29,2016-04-15,ultrices posuere,7.76,BYN
1000273,62000499,2016-07-18,2016-08-13,in,2.81,EUR
1000274,62000886,2017-01-06,2017-01-24,dui vel sem,5.70,BYN
1000275,62000577,2016-06-11,2016-07-05,luctus et ultrices posuere,4.09,USD
1000276,62000289,2016-07-02,2016-07-07,adipiscing,5.39,USD
1000277,62000923,2016-09-16,2016-09-21,vivamus vestibulum sagittis,6.26,USD
1000278,62000890,2016-03-30,2016-04-26,sollicitudin,2.03,EUR
1000279,62000999,2016-12-14,2016-12-20,eros elementum pellentesque,7.79,USD
1000280,62000894,2016-03-29,2016-04-04,morbi,8.75,EUR
1000281,62000968,2017-02-17,2017-03-07,ac consequat,9.34,USD
1000282,62000043,2016-08-02,2016-08-13,vivamus,4.89,USD
1000283,62000139,2017-02-28,2017-03-11,ornare consequat,1.99,EUR
1000284,62000653,2016-05-31,2016-06-10,velit eu,8.34,USD
1000285,62000216,2016-09-14,2016-09-27,molestie,0.59,USD
1000286,62000197,2016-06-11,2016-07-03,et ultrices,6.99,USD
1000287,62000847,2016-10-25,2016-10-29,a nibh in quis,5.41,USD
1000288,62000379,2016-09-25,2016-10-13,porttitor lorem id,2.28,BYN
1000289,62000545,2016-05-05,2016-05-28,lacus purus aliquet,9.35,BYN
1000290,62000727,2016-09-09,2016-09-18,donec semper,1.14,USD
1000291,62000141,2016-09-23,2016-09-23,in tempus sit,6.60,EUR
1000292,62000160,2016-11-25,2016-12-25,eget,6.32,BYN
1000293,62000360,2017-01-21,2017-02-05,dis parturient montes nascetur,1.80,BYN
1000294,62000415,2016-11-20,2016-11-29,justo in blandit,4.24,BYN
1000295,62000483,2017-02-03,2017-02-14,eu,4.99,USD
1000296,62000921,2016-08-09,2016-09-05,quam,6.50,EUR
1000297,62000732,2016-07-10,2016-08-04,sapien,2.85,EUR
1000298,62000394,2016-05-28,2016-06-02,molestie hendrerit at,7.89,BYN
1000299,62000281,2017-02-09,2017-02-24,eros elementum,2.58,EUR
1000300,62000057,2016-10-11,2016-11-10,tempus,7.97,USD
1000301,62000118,2016-04-29,2016-05-24,fusce posuere,2.64,USD
1000302,62000941,2016-10-20,2016-11-11,justo morbi,0.20,USD
1000303,62000012,2016-10-02,2016-10-02,pellentesque ultrices phasellus,9.75,BYN
1000304,62000729,2016-06-25,2016-06-30,accumsan,3.51,USD
1000305,62000228,2016-06-30,2016-07-17,vel enim sit,2.71,USD
1000306,62000652,2016-08-01,2016-08-22,tincidunt,5.55,USD
1000307,62000489,2016-07-21,2016-08-09,vestibulum aliquet,1.74,BYN
1000308,62000647,2016-12-03,2016-12-03,platea dictumst maecenas,1.70,EUR
1000309,62000274,2016-09-22,2016-10-14,in faucibus,9.65,EUR
1000310,62000836,2016-07-27,2016-08-01,consectetuer,5.90,USD
1000311,62000914,2016-06-28,2016-07-24,adipiscing molestie hendrerit,8.22,USD
1000312,62000723,2016-12-30,2016-12-30,eu nibh,9.21,BYN
1000313,62000598,2016-06-03,2016-06-12,eget tincidunt eget tempus,3.46,BYN
1000314,62000239,2016-12-21,2016-12-22,non mi integer,7.92,EUR
1000315,62000689,2016-06-24,2016-07-03,metus aenean,1.09,USD
1000316,62000244,2017-01-01,2017-01-13,potenti nullam,4.25,EUR
1000317,62000285,2017-02-11,2017-03-12,aenean lectus pellentesque eget,2.23,EUR
1000318,62000570,2016-05-29,2016-06-14,ultrices posuere cubilia,9.84,EUR
1000319,62000860,2016-12-28,2017-01-14,nullam,5.61,EUR
1000320,62000514,2016-06-23,2016-07-11,nec,6.89,EUR
1000321,62000146,2016-08-31,2016-09-18,nisi nam ultrices,6.01,BYN
1000322,62000162,2016-08-24,2016-08-30,hac,2.34,EUR
1000323,62000323,2016-09-12,2016-09-27,potenti in eleifend,8.71,EUR
1000324,62000242,2016-10-31,2016-11-09,adipiscing lorem vitae mattis,0.69,USD
1000325,62000111,2016-03-29,2016-04-17,dictumst etiam faucibus,8.72,EUR
1000326,62000682,2016-12-16,2017-01-06,vitae consectetuer,6.04,EUR
1000327,62000184,2016-05-29,2016-06-17,magna vulputate luctus,6.55,USD
1000328,62000869,2016-09-17,2016-10-01,libero non,0.61,BYN
1000329,62000243,2016-04-01,2016-04-05,cubilia curae donec,0.16,BYN
1000330,62000755,2016-05-19,2016-06-12,convallis morbi odio,2.15,EUR
1000331,62000788,2016-12-06,2016-12-30,mi sit,7.37,EUR
1000332,62000413,2016-05-09,2016-05-31,justo etiam pretium iaculis,1.83,BYN
1000333,62000126,2017-03-12,2017-03-19,tincidunt,7.65,USD
1000334,62000946,2016-07-18,2016-07-30,sed,8.15,USD
1000335,62000741,2016-03-31,2016-04-26,vestibulum ante,1.30,BYN
1000336,62000474,2016-04-23,2016-05-02,lorem id,4.66,BYN
1000337,62000286,2017-02-18,2017-03-08,a ipsum integer a,7.42,EUR
1000338,62000697,2016-07-23,2016-08-15,pulvinar,6.97,EUR
1000339,62000580,2016-07-01,2016-07-06,quam fringilla rhoncus mauris,8.21,EUR
1000340,62000689,2016-04-15,2016-04-29,tortor sollicitudin mi sit,3.27,BYN
1000341,62000316,2016-07-02,2016-07-26,id lobortis convallis,5.82,BYN
1000342,62000346,2016-08-04,2016-08-23,nunc viverra,1.93,USD
1000343,62000087,2016-04-14,2016-04-15,amet diam,8.81,USD
1000344,62000753,2016-08-14,2016-08-30,ut,7.16,USD
1000345,62000087,2017-01-18,2017-02-15,ut,2.07,BYN
1000346,62000161,2017-03-13,2017-03-21,ante,6.30,USD
1000347,62000980,2016-11-12,2016-11-25,eget elit,1.56,USD
1000348,62000430,2016-10-31,2016-11-19,sagittis dui,9.58,EUR
1000349,62000841,2017-02-09,2017-02-19,augue vel accumsan tellus,8.17,USD
1000350,62000411,2016-11-18,2016-12-05,felis,1.49,EUR
1000351,62000243,2016-09-28,2016-10-17,nam dui proin leo,8.62,EUR
1000352,62000987,2016-04-30,2016-05-04,fermentum donec ut mauris,2.09,USD
1000353,62000994,2016-11-27,2016-12-18,eget eros elementum,8.83,BYN
1000354,62000583,2016-10-18,2016-11-16,eu sapien,6.17,USD
1000355,62000071,2016-08-16,2016-08-31,sed lacus,2.98,EUR
1000356,62000068,2016-08-26,2016-09-07,porta,6.81,BYN
1000357,62000799,2016-08-15,2016-09-04,sollicitudin mi sit,9.67,USD
1000358,62000027,2017-01-08,2017-01-12,arcu,4.53,USD
1000359,62000284,2017-02-11,2017-02-13,nullam orci,7.91,EUR
1000360,62000764,2016-05-14,2016-05-20,vel augue vestibulum rutrum,0.39,BYN
1000361,62000678,2016-06-27,2016-06-29,erat volutpat in,7.23,EUR
1000362,62000060,2016-05-16,2016-06-08,augue,7.52,BYN
1000363,62000110,2016-10-26,2016-11-02,placerat praesent blandit nam,2.30,BYN
1000364,62000703,2016-07-05,2016-07-27,eleifend luctus ultricies,0.61,USD
1000365,62000171,2016-10-26,2016-11-05,a suscipit nulla elit,3.07,EUR
1000366,62000955,2016-03-26,2016-04-02,natoque,9.77,USD
1000367,62000758,2016-08-08,2016-08-31,lectus pellentesque at,2.58,BYN
1000368,62000478,2016-07-29,2016-08-12,pellentesque ultrices phasellus id,9.19,USD
1000369,62000667,2016-07-20,2016-08-08,consequat,5.56,USD
1000370,62000254,2016-06-23,2016-07-09,primis in faucibus orci,9.41,EUR
1000371,62000943,2016-08-10,2016-08-21,nulla nisl nunc,2.38,EUR
1000372,62000688,2017-01-12,2017-02-11,nunc rhoncus dui vel,8.03,BYN
1000373,62000441,2017-03-04,2017-03-23,rutrum rutrum neque,4.03,EUR
1000374,62000549,2016-05-28,2016-06-19,diam neque vestibulum eget,9.94,BYN
1000375,62000200,2016-06-15,2016-07-06,in hac habitasse,4.79,BYN
1000376,62000896,2016-10-26,2016-11-07,quis,7.65,EUR
1000377,62000253,2016-09-25,2016-10-09,justo,0.24,BYN
1000378,62000795,2016-10-26,2016-11-20,tortor,0.42,EUR
1000379,62000806,2017-01-28,2017-01-29,sit amet diam,1.87,BYN
1000380,62000785,2017-03-15,2017-03-24,pellentesque eget,1.06,BYN
1000381,62000715,2016-10-15,2016-11-07,molestie hendrerit at,7.51,EUR
1000382,62000879,2016-08-25,2016-09-22,rutrum neque aenean auctor,1.15,EUR
1000383,62000867,2017-01-22,2017-02-16,turpis sed,9.83,BYN
1000384,62000480,2016-06-04,2016-06-18,ut nunc vestibulum,8.74,BYN
1000385,62000137,2016-10-13,2016-11-06,est congue elementum,8.53,EUR
1000386,62000952,2016-06-14,2016-06-26,ut massa,3.06,BYN
1000387,62000339,2016-09-28,2016-10-26,sit amet,7.49,EUR
1000388,62000636,2016-08-15,2016-08-23,lacus morbi quis tortor,9.72,USD
1000389,62000013,2016-04-11,2016-05-03,eros suspendisse,4.23,USD
1000390,62000194,2017-01-15,2017-01-29,sapien urna,3.85,BYN
1000391,62000387,2017-01-02,2017-01-14,vestibulum sed magna,9.51,BYN
1000392,62000972,2016-11-13,2016-11-24,curae mauris viverra,0.79,BYN
1000393,62000225,2016-08-13,2016-08-21,in,3.39,EUR
1000394,62000201,2016-05-13,2016-05-15,nulla quisque arcu libero,2.28,BYN
1000395,62000472,2016-06-22,2016-07-20,accumsan odio,2.74,USD
1000396,62000611,2016-11-14,2016-11-19,amet justo morbi ut,8.72,EUR
1000397,62000433,2016-05-07,2016-05-29,turpis a,4.26,BYN
1000398,62000864,2016-12-02,2016-12-08,amet lobortis,4.76,EUR
1000399,62000344,2016-05-11,2016-05-16,ante nulla,1.46,USD
1000400,62000511,2016-06-07,2016-06-28,mauris,7.61,USD
1000401,62000969,2016-04-06,2016-04-16,ipsum aliquam non,3.86,BYN
1000402,62000210,2016-04-03,2016-04-14,eu tincidunt in,9.99,BYN
1000403,62000593,2016-11-16,2016-11-16,nunc,4.98,EUR
1000404,62000773,2016-12-27,2016-12-27,sapien ut nunc,9.53,BYN
1000405,62000194,2016-12-21,2016-12-27,sapien a libero nam,6.04,BYN
1000406,62000806,2016-08-31,2016-09-20,dapibus duis,2.17,BYN
1000407,62000991,2016-11-12,2016-11-21,turpis adipiscing lorem vitae,0.52,USD
1000408,62000431,2017-01-26,2017-02-07,vitae consectetuer,9.28,USD
1000409,62000073,2016-04-05,2016-04-27,turpis,1.59,BYN
1000410,62000221,2016-10-10,2016-10-12,quam,1.50,BYN
1000411,62000502,2016-09-15,2016-09-24,dis,2.01,BYN
1000412,62000107,2016-07-06,2016-07-26,integer a nibh in,9.87,EUR
1000413,62000214,2016-09-28,2016-10-02,tortor quis turpis,2.59,EUR
1000414,62000104,2016-11-07,2016-11-28,fusce lacus,0.01,USD
1000415,62000341,2016-10-18,2016-11-17,ac tellus semper,7.92,EUR
1000416,62000908,2017-01-08,2017-01-23,in hac,1.36,EUR
1000417,62000036,2016-04-18,2016-05-03,auctor,0.48,BYN
1000418,62000593,2017-02-14,2017-03-11,nisi,3.77,EUR
1000419,62000601,2016-05-22,2016-05-28,pede ac diam,3.33,BYN
1000420,62000284,2016-08-16,2016-09-13,eros vestibulum,6.81,USD
1000421,62000138,2016-10-18,2016-11-04,cursus vestibulum proin eu,8.58,EUR
1000422,62000299,2016-06-11,2016-06-15,rutrum neque,0.16,BYN
1000423,62000709,2016-05-19,2016-06-08,mi integer,9.21,BYN
1000424,62000894,2017-02-12,2017-02-15,risus,4.45,USD
1000425,62000418,2016-05-26,2016-06-08,congue etiam justo,0.85,USD
1000426,62000330,2016-12-18,2016-12-26,suspendisse,5.02,EUR
1000427,62000517,2016-11-25,2016-12-09,eu,3.42,BYN
1000428,62000008,2017-02-26,2017-03-28,iaculis justo in hac,0.48,USD
1000429,62000645,2016-12-27,2017-01-14,venenatis lacinia,1.52,USD
1000430,62000949,2016-04-20,2016-05-04,quam,7.73,BYN
1000431,62000864,2016-07-13,2016-08-10,cubilia curae,8.00,EUR
1000432,62000617,2017-01-18,2017-02-05,consequat metus,3.86,USD
1000433,62000601,2016-11-24,2016-12-12,eu orci mauris lacinia,4.91,EUR
1000434,62000757,2016-04-20,2016-05-11,in felis eu,5.15,BYN
1000435,62000200,2016-07-18,2016-08-02,integer a nibh in,9.57,EUR
1000436,62000167,2017-01-10,2017-01-22,pellentesque,8.87,EUR
1000437,62000672,2017-02-06,2017-02-21,cum sociis natoque penatibus,6.85,EUR
1000438,62000230,2016-05-31,2016-06-16,pede,2.02,EUR
1000439,62000672,2016-07-25,2016-08-04,gravida,6.39,USD
1000440,62000363,2017-01-28,2017-02-25,ante vivamus tortor,8.77,USD
1000441,62000982,2016-05-29,2016-06-14,mattis odio donec,6.40,USD
1000442,62000196,2016-05-06,2016-06-01,nec sem,2.94,EUR
1000443,62000087,2016-12-13,2016-12-31,ac,7.66,EUR
1000444,62000872,2016-10-27,2016-11-17,non quam nec dui,5.40,USD
1000445,62000742,2016-10-11,2016-10-24,nullam varius nulla facilisi,3.70,USD
1000446,62000265,2016-09-06,2016-09-09,amet diam in magna,3.99,BYN
1000447,62000859,2017-02-04,2017-02-07,elit,2.50,BYN
1000448,62000617,2016-12-03,2016-12-19,duis bibendum felis sed,8.68,USD
1000449,62000763,2016-11-09,2016-11-29,eros suspendisse accumsan,8.83,USD
1000450,62000495,2016-12-29,2017-01-07,ipsum aliquam non,8.58,BYN
1000451,62000115,2017-01-11,2017-02-09,quisque porta,8.83,EUR
1000452,62000122,2016-12-11,2016-12-30,in hac,4.09,USD
1000453,62000814,2016-06-09,2016-06-16,augue aliquam erat,4.48,USD
1000454,62000209,2017-01-29,2017-02-10,nulla tellus in,5.94,BYN
1000455,62000256,2016-04-14,2016-04-21,maecenas tincidunt,9.08,BYN
1000456,62000588,2016-12-16,2016-12-18,potenti cras,9.96,USD
1000457,62000788,2016-11-02,2016-11-02,eget,3.36,BYN
1000458,62000621,2016-12-17,2017-01-06,consectetuer adipiscing elit proin,4.42,BYN
1000459,62000123,2016-11-22,2016-11-27,diam,8.52,USD
1000460,62000072,2016-10-12,2016-10-16,nunc viverra dapibus,2.77,EUR
1000461,62000188,2017-03-13,2017-03-29,id nisl venenatis,0.63,EUR
1000462,62000234,2016-05-19,2016-05-23,eleifend pede libero quis,8.60,USD
1000463,62000585,2016-12-03,2016-12-31,varius ut,3.27,EUR
1000464,62000509,2016-05-12,2016-06-04,condimentum id,0.31,USD
1000465,62000359,2017-03-03,2017-03-30,mi nulla,2.51,EUR
1000466,62000333,2016-06-16,2016-06-26,nisl ut,7.94,EUR
1000467,62000657,2017-02-18,2017-03-19,leo maecenas pulvinar lobortis,3.71,BYN
1000468,62000550,2016-09-04,2016-09-17,sed tristique in tempus,8.01,USD
1000469,62000492,2016-04-14,2016-04-28,dictumst etiam faucibus cursus,3.69,BYN
1000470,62000347,2016-03-22,2016-03-31,tempus vel,4.20,BYN
1000471,62000195,2017-01-06,2017-01-27,turpis nec euismod scelerisque,4.29,BYN
1000472,62000327,2016-09-17,2016-10-05,diam,3.57,EUR
1000473,62000326,2016-12-29,2017-01-12,nulla tempus vivamus in,6.28,USD
1000474,62000640,2016-08-13,2016-08-19,nam dui proin leo,0.36,EUR
1000475,62000869,2017-02-06,2017-03-08,augue quam sollicitudin vitae,8.81,USD
1000476,62000140,2016-11-15,2016-12-11,pulvinar lobortis est phasellus,5.32,BYN
1000477,62000412,2016-08-10,2016-08-28,pede morbi porttitor,9.66,EUR
1000478,62000603,2016-06-25,2016-07-06,nulla neque libero convallis,0.77,BYN
1000479,62000409,2016-11-27,2016-12-21,quis odio,6.66,USD
1000480,62000213,2017-02-21,2017-03-04,aenean auctor,4.75,BYN
1000481,62000614,2016-04-23,2016-04-23,hac,4.48,BYN
1000482,62000612,2016-08-18,2016-09-09,et eros,1.65,EUR
1000483,62000620,2016-11-15,2016-12-01,nulla,0.34,BYN
1000484,62000924,2016-06-05,2016-06-12,donec vitae,0.17,USD
1000485,62000805,2017-02-05,2017-02-17,turpis eget,9.34,BYN
1000486,62000182,2016-12-25,2017-01-03,nam congue risus,5.35,BYN
1000487,62000843,2016-05-06,2016-05-26,mauris ullamcorper,5.83,EUR
1000488,62000022,2017-02-08,2017-02-26,tempus vivamus,0.78,EUR
1000489,62000321,2016-06-25,2016-07-19,aliquam convallis nunc,8.46,USD
1000490,62000316,2016-04-18,2016-05-14,amet eros suspendisse accumsan,8.09,BYN
1000491,62000581,2016-09-29,2016-10-19,imperdiet,3.25,USD
1000492,62000062,2016-08-24,2016-08-26,vulputate vitae,7.74,USD
1000493,62000862,2016-07-23,2016-08-01,erat nulla tempus vivamus,6.73,BYN
1000494,62000558,2017-01-25,2017-01-27,nulla ut,8.05,BYN
1000495,62000719,2016-04-30,2016-05-17,potenti in eleifend quam,5.62,BYN
1000496,62000565,2017-02-21,2017-03-23,dapibus augue vel,5.61,EUR
1000497,62000028,2016-04-07,2016-05-03,maecenas,3.43,USD
1000498,62000950,2016-10-14,2016-10-14,in porttitor pede justo,5.30,EUR
1000499,62000875,2016-07-10,2016-08-01,nulla sed,6.57,USD
1000500,62000274,2016-10-01,2016-10-03,et magnis dis parturient,9.59,USD
1000501,62000712,2016-05-29,2016-05-29,in hac,4.80,USD
1000502,62000704,2017-03-10,2017-03-19,quis,8.62,EUR
1000503,62000017,2016-12-06,2017-01-02,lectus,7.66,BYN
1000504,62000469,2016-06-03,2016-06-08,nam tristique tortor eu,5.16,EUR
1000505,62000380,2017-01-30,2017-01-30,ultrices enim lorem ipsum,2.34,BYN
1000506,62000728,2016-11-04,2016-11-20,maecenas,9.39,EUR
1000507,62000912,2017-02-05,2017-02-21,lorem ipsum,5.70,EUR
1000508,62000412,2016-05-03,2016-05-31,turpis a pede posuere,3.92,EUR
1000509,62000540,2016-07-03,2016-07-17,maecenas leo,8.99,BYN
1000510,62000026,2016-06-20,2016-07-19,quis turpis eget elit,4.05,EUR
1000511,62000382,2016-12-06,2016-12-17,lorem ipsum,7.89,USD
1000512,62000250,2017-01-02,2017-01-14,sed justo,6.10,USD
1000513,62000744,2016-09-17,2016-10-15,primis,2.75,BYN
1000514,62000249,2016-12-10,2016-12-25,vel pede morbi,4.72,EUR
1000515,62000118,2016-06-14,2016-06-22,phasellus,5.46,BYN
1000516,62000487,2016-03-18,2016-03-24,suspendisse potenti cras,1.29,EUR
1000517,62000996,2016-11-25,2016-12-09,turpis adipiscing lorem vitae,5.61,USD
1000518,62000034,2016-12-16,2016-12-20,dictumst maecenas ut,1.81,EUR
1000519,62000698,2016-07-24,2016-08-10,porta volutpat,2.33,EUR
1000520,62000260,2016-03-25,2016-04-03,phasellus id,8.85,EUR
1000521,62000415,2017-01-01,2017-01-07,sapien ut,2.06,BYN
1000522,62000851,2016-11-27,2016-12-26,turpis,1.58,BYN
1000523,62000027,2016-11-12,2016-12-07,consectetuer,1.59,USD
1000524,62000898,2017-03-13,2017-04-06,pede lobortis,1.29,EUR
1000525,62000246,2016-06-08,2016-06-30,magna vulputate,2.31,BYN
1000526,62000281,2017-02-17,2017-02-26,lectus pellentesque,2.26,EUR
1000527,62000237,2016-10-16,2016-11-05,faucibus,0.00,BYN
1000528,62000425,2017-02-16,2017-03-18,libero convallis eget eleifend,7.62,USD
1000529,62000432,2016-09-04,2016-09-11,primis in,8.07,USD
1000530,62000809,2016-06-06,2016-06-28,nunc,5.61,USD
1000531,62000492,2016-06-19,2016-07-12,eget massa tempor convallis,8.65,BYN
1000532,62000194,2016-10-22,2016-10-25,luctus ultricies eu nibh,4.47,EUR
1000533,62000880,2016-12-03,2016-12-15,in,7.90,USD
1000534,62000450,2016-12-21,2017-01-08,faucibus orci,2.66,USD
1000535,62000986,2016-08-08,2016-08-20,ante vel ipsum praesent,7.70,EUR
1000536,62000725,2017-01-20,2017-02-02,posuere cubilia curae mauris,6.59,EUR
1000537,62000781,2016-06-24,2016-07-05,nisi,3.50,USD
1000538,62000909,2016-08-03,2016-09-01,congue vivamus metus,6.17,BYN
1000539,62000411,2016-09-10,2016-09-18,erat,4.25,USD
1000540,62000907,2016-12-27,2017-01-18,maecenas,6.58,BYN
1000541,62000108,2016-05-22,2016-06-19,est,8.73,BYN
1000542,62000238,2017-01-26,2017-02-17,nulla,7.23,USD
1000543,62000521,2016-08-26,2016-09-02,sem,6.61,BYN
1000544,62000178,2016-12-30,2017-01-09,fusce,5.28,USD
1000545,62000495,2016-07-11,2016-07-14,at turpis donec posuere,9.24,USD
1000546,62000907,2016-12-20,2017-01-11,praesent blandit,8.32,EUR
1000547,62000611,2016-07-05,2016-07-27,vulputate ut,8.13,BYN
1000548,62000699,2017-01-09,2017-01-25,turpis sed,8.37,USD
1000549,62000805,2016-10-08,2016-11-01,vestibulum sagittis,6.44,USD
1000550,62000585,2016-12-04,2016-12-25,tincidunt,4.49,EUR
1000551,62000553,2016-09-22,2016-09-24,convallis nulla,0.12,USD
1000552,62000914,2016-04-09,2016-04-10,luctus et,1.77,EUR
1000553,62000426,2016-05-19,2016-06-14,donec semper sapien a,2.23,EUR
1000554,62000168,2016-06-30,2016-07-08,in faucibus,3.01,EUR
1000555,62000259,2016-07-11,2016-07-19,pulvinar lobortis est,6.46,USD
1000556,62000650,2016-12-30,2017-01-06,aliquam,3.42,BYN
1000557,62000199,2016-05-01,2016-05-03,dignissim vestibulum vestibulum,1.13,EUR
1000558,62000183,2016-10-28,2016-11-13,a nibh in,4.78,BYN
1000559,62000060,2017-01-31,2017-03-01,consequat morbi a ipsum,9.83,EUR
1000560,62000895,2017-02-22,2017-03-13,et,2.25,EUR
1000561,62000106,2016-03-26,2016-04-21,mattis nibh ligula nec,3.20,EUR
1000562,62000622,2017-03-05,2017-03-15,tristique tortor eu,4.69,BYN
1000563,62000333,2016-03-27,2016-04-01,amet,5.72,USD
1000564,62000122,2016-11-15,2016-12-15,nibh in hac,2.58,BYN
1000565,62000100,2017-01-04,2017-01-04,orci,3.52,USD
1000566,62000766,2016-07-08,2016-07-29,vitae quam suspendisse,4.61,EUR
1000567,62000668,2016-10-28,2016-11-01,vel augue vestibulum ante,3.05,EUR
1000568,62000584,2016-08-04,2016-08-06,aliquet,5.80,BYN
1000569,62000449,2016-10-15,2016-10-29,in felis donec semper,7.52,EUR
1000570,62000397,2016-11-10,2016-11-28,elementum pellentesque quisque,8.60,USD
1000571,62000437,2016-09-03,2016-09-25,parturient montes,6.12,BYN
1000572,62000664,2017-01-05,2017-01-07,sagittis nam,7.55,EUR
1000573,62000030,2016-07-10,2016-08-07,tortor risus,2.16,BYN
1000574,62000834,2016-04-30,2016-05-07,platea,0.15,USD
1000575,62000224,2016-12-09,2016-12-26,imperdiet et,0.16,USD
1000576,62000880,2016-10-23,2016-11-09,volutpat convallis morbi odio,8.71,BYN
1000577,62000731,2016-06-17,2016-06-22,est lacinia nisi,9.54,BYN
1000578,62000752,2016-12-26,2016-12-29,et tempus semper,4.63,EUR
1000579,62000691,2016-07-17,2016-08-02,sodales sed tincidunt eu,6.88,BYN
1000580,62000311,2016-09-05,2016-09-30,varius integer ac,2.86,USD
1000581,62000680,2016-10-30,2016-11-01,mi in porttitor pede,3.53,USD
1000582,62000563,2016-03-26,2016-04-17,orci luctus,9.45,USD
1000583,62000881,2016-06-05,2016-07-01,integer,2.81,USD
1000584,62000442,2016-09-07,2016-09-22,et commodo vulputate,3.36,EUR
1000585,62000285,2016-03-20,2016-04-12,adipiscing,9.45,USD
1000586,62000104,2017-01-28,2017-02-05,non,7.52,EUR
1000587,62000362,2016-03-24,2016-04-19,quam pede,5.31,USD
1000588,62000590,2016-08-23,2016-08-23,ac leo pellentesque,2.15,USD
1000589,62000101,2016-12-07,2016-12-16,sem sed sagittis,4.96,EUR
1000590,62000366,2016-04-30,2016-05-19,vitae ipsum,9.82,USD
1000591,62000571,2016-06-29,2016-07-27,nec euismod,0.59,BYN
1000592,62000579,2016-12-15,2017-01-14,aliquam augue quam sollicitudin,5.43,EUR
1000593,62000842,2017-01-18,2017-02-05,justo sit amet sapien,7.49,EUR
1000594,62000701,2017-03-05,2017-03-10,ultrices,6.37,USD
1000595,62000873,2016-11-26,2016-11-28,sem,1.10,USD
1000596,62000744,2016-05-02,2016-06-01,ut mauris eget,2.15,EUR
1000597,62000146,2016-04-13,2016-04-23,pellentesque at nulla,0.45,BYN
1000598,62000658,2016-09-15,2016-10-10,ut volutpat sapien,5.71,USD
1000599,62000264,2016-10-12,2016-11-10,id turpis integer aliquet,1.64,USD
1000600,62000341,2016-06-11,2016-07-05,sed,4.94,USD
1000601,62000220,2016-09-28,2016-10-09,metus arcu,9.31,USD
1000602,62000107,2016-07-14,2016-07-22,maecenas tincidunt lacus,9.64,EUR
1000603,62000770,2017-01-09,2017-01-14,molestie lorem quisque,3.35,USD
1000604,62000222,2017-01-09,2017-01-22,nec sem,2.18,BYN
1000605,62000722,2016-07-18,2016-07-27,elit proin,7.42,EUR
1000606,62000153,2017-03-05,2017-04-01,adipiscing molestie,3.00,USD
1000607,62000243,2016-09-24,2016-10-16,cubilia curae mauris viverra,2.05,USD
1000608,62000168,2017-02-07,2017-02-26,mi,8.57,BYN
1000609,62000802,2016-12-20,2016-12-20,curae duis,1.17,USD
1000610,62000386,2016-04-22,2016-05-16,purus eu magna vulputate,4.15,EUR
1000611,62000040,2016-06-04,2016-06-18,vestibulum,6.55,EUR
1000612,62000269,2016-06-24,2016-07-18,a pede posuere,8.45,BYN
1000613,62000457,2016-05-02,2016-05-08,eu massa donec dapibus,9.58,BYN
1000614,62000312,2016-05-10,2016-05-25,elit proin risus praesent,7.22,BYN
1000615,62000564,2016-08-18,2016-08-21,augue,5.33,USD
1000616,62000531,2017-03-16,2017-04-05,morbi,6.00,BYN
1000617,62000703,2016-08-21,2016-08-23,vitae ipsum aliquam non,2.72,USD
1000618,62000706,2016-07-02,2016-07-07,felis fusce posuere,1.92,BYN
1000619,62000877,2016-03-30,2016-04-18,bibendum felis,3.45,EUR
1000620,62000085,2016-08-21,2016-09-08,nulla tempus,3.36,EUR
1000621,62000588,2016-09-23,2016-10-16,eget orci vehicula condimentum,1.95,EUR
1000622,62000611,2016-09-02,2016-09-06,mauris lacinia,2.53,EUR
1000623,62000377,2016-03-30,2016-04-24,imperdiet nullam orci pede,4.11,EUR
1000624,62000244,2016-03-19,2016-03-24,eros elementum,9.50,EUR
1000625,62000813,2016-05-07,2016-05-14,malesuada in imperdiet et,3.19,BYN
1000626,62000586,2016-08-11,2016-08-15,ultrices mattis odio,3.21,EUR
1000627,62000211,2016-12-21,2017-01-05,morbi,8.77,EUR
1000628,62000726,2016-04-22,2016-05-03,diam nam,5.63,USD
1000629,62000654,2017-01-19,2017-02-01,posuere,6.56,EUR
1000630,62000134,2016-10-12,2016-10-30,vitae ipsum,9.97,USD
1000631,62000788,2016-06-14,2016-07-09,erat curabitur gravida nisi,4.90,BYN
1000632,62000600,2016-06-20,2016-07-18,quis tortor id nulla,5.74,EUR
1000633,62000480,2016-03-19,2016-04-02,placerat praesent blandit nam,8.24,EUR
1000634,62000146,2016-05-05,2016-05-23,vestibulum,3.04,USD
1000635,62000378,2016-12-22,2017-01-04,metus vitae,8.29,USD
1000636,62000203,2017-03-12,2017-03-30,arcu libero rutrum,0.75,USD
1000637,62000892,2016-11-18,2016-11-23,nisl duis,6.21,EUR
1000638,62000314,2016-09-06,2016-09-30,lobortis vel dapibus at,3.92,USD
1000639,62000851,2016-09-04,2016-10-04,id sapien in sapien,0.51,EUR
1000640,62000696,2016-12-22,2017-01-09,tristique,2.31,USD
1000641,62000087,2016-05-02,2016-05-15,eget tempus vel,4.25,BYN
1000642,62000550,2016-06-24,2016-07-22,justo sit,0.27,BYN
1000643,62000800,2017-03-08,2017-03-26,ac nibh,6.80,EUR
1000644,62000885,2017-02-11,2017-02-22,risus semper porta,1.54,EUR
1000645,62000655,2016-11-17,2016-12-15,ultrices posuere cubilia,7.34,EUR
1000646,62000591,2016-12-11,2017-01-09,nascetur ridiculus mus,2.06,USD
1000647,62000782,2016-09-23,2016-09-30,eu,6.35,USD
1000648,62000709,2016-05-23,2016-06-10,nibh ligula,2.74,BYN
1000649,62000395,2017-01-02,2017-01-25,non ligula pellentesque ultrices,8.86,USD
1000650,62000464,2017-01-18,2017-02-07,potenti nullam porttitor lacus,6.13,EUR
1000651,62000965,2016-09-05,2016-10-02,condimentum id luctus,2.26,BYN
1000652,62000040,2016-05-13,2016-06-08,condimentum,2.17,BYN
1000653,62000153,2016-11-19,2016-11-23,consequat lectus,2.83,BYN
1000654,62000030,2016-09-10,2016-09-15,aliquam sit amet,4.48,USD
1000655,62000458,2016-04-09,2016-04-21,in magna bibendum imperdiet,6.03,USD
1000656,62000390,2016-04-24,2016-05-02,tellus semper,0.98,USD
1000657,62000566,2017-02-26,2017-03-20,tempor turpis,2.60,BYN
1000658,62000893,2017-02-09,2017-03-01,elementum,4.02,BYN
1000659,62000153,2016-04-15,2016-04-29,ultrices vel augue vestibulum,2.83,BYN
1000660,62000017,2016-06-09,2016-06-26,erat nulla,1.25,BYN
1000661,62000357,2016-12-31,2017-01-20,tortor risus,1.46,BYN
1000662,62000732,2017-03-07,2017-03-28,erat quisque erat,7.08,EUR
1000663,62000338,2016-07-26,2016-08-14,dapibus augue vel,4.89,EUR
1000664,62000419,2016-03-30,2016-04-19,at dolor,0.59,USD
1000665,62000255,2016-09-13,2016-09-17,ultrices aliquet maecenas leo,4.20,EUR
1000666,62000242,2016-09-12,2016-10-09,nisi venenatis tristique fusce,5.60,EUR
1000667,62000505,2017-01-25,2017-02-24,in felis,9.93,BYN
1000668,62000243,2016-12-24,2017-01-12,ultrices,9.20,BYN
1000669,62000666,2016-06-14,2016-07-14,donec,3.41,BYN
1000670,62000797,2016-04-13,2016-05-12,hac habitasse,9.47,USD
1000671,62000221,2016-04-21,2016-04-21,convallis nunc,2.04,USD
1000672,62000156,2016-12-24,2016-12-27,in eleifend quam a,2.89,USD
1000673,62000791,2017-02-21,2017-03-08,cubilia curae duis faucibus,1.16,USD
1000674,62000949,2016-11-15,2016-12-02,sed,2.50,BYN
1000675,62000436,2016-08-28,2016-09-02,convallis nulla,4.15,USD
1000676,62000563,2017-02-23,2017-03-11,in sapien iaculis congue,4.81,USD
1000677,62000302,2016-12-09,2016-12-27,libero nam,8.11,EUR
1000678,62000680,2017-02-12,2017-02-28,pellentesque,6.73,BYN
1000679,62000742,2016-04-24,2016-05-03,donec ut,8.26,BYN
1000680,62000942,2017-03-03,2017-03-24,scelerisque mauris sit,4.10,BYN
1000681,62000839,2016-07-13,2016-07-29,nec,2.58,USD
1000682,62000804,2016-04-07,2016-04-16,ac,0.37,USD
1000683,62000489,2016-07-28,2016-08-24,ipsum,7.44,USD
1000684,62000661,2016-04-22,2016-05-09,posuere cubilia curae mauris,8.43,EUR
1000685,62000939,2016-12-18,2017-01-12,aliquam non mauris,3.04,USD
1000686,62000531,2016-04-17,2016-05-05,quisque ut,1.32,BYN
1000687,62000931,2016-12-01,2016-12-23,erat volutpat in,6.22,EUR
1000688,62000399,2016-12-25,2017-01-17,vivamus,4.84,BYN
1000689,62000732,2016-08-25,2016-09-09,dui,3.29,USD
1000690,62000039,2016-08-14,2016-08-21,at velit eu est,9.21,EUR
1000691,62000809,2016-09-29,2016-10-27,sed,1.98,EUR
1000692,62000383,2017-01-16,2017-02-08,sit,2.15,USD
1000693,62000465,2016-06-20,2016-07-10,semper porta volutpat,1.91,BYN
1000694,62000838,2017-02-06,2017-02-07,erat volutpat,2.35,USD
1000695,62000787,2017-01-14,2017-01-23,consequat dui nec nisi,9.63,USD
1000696,62000860,2016-06-26,2016-07-08,eleifend donec ut,8.69,USD
1000697,62000973,2016-09-12,2016-09-18,ante vel,7.49,BYN
1000698,62000420,2016-05-11,2016-05-14,justo sollicitudin,7.26,BYN
1000699,62000070,2016-11-11,2016-11-15,ante,6.44,EUR
1000700,62000351,2016-07-31,2016-08-20,sapien in sapien,5.53,BYN
1000701,62000298,2016-05-30,2016-06-24,donec semper sapien,4.81,EUR
1000702,62000446,2016-05-23,2016-06-15,dui nec nisi,0.03,EUR
1000703,62000533,2016-04-13,2016-04-15,semper rutrum,9.53,USD
1000704,62000140,2016-12-04,2016-12-07,condimentum neque,0.62,EUR
1000705,62000417,2016-06-23,2016-06-26,at,3.89,EUR
1000706,62000413,2017-02-08,2017-03-04,nullam orci pede venenatis,2.70,EUR
1000707,62000394,2016-12-16,2016-12-17,quis turpis sed,0.92,BYN
1000708,62000033,2016-09-12,2016-10-02,massa volutpat convallis,5.31,USD
1000709,62000624,2016-11-24,2016-12-14,cubilia curae,4.25,EUR
1000710,62000273,2016-09-09,2016-09-25,ut dolor,0.16,EUR
1000711,62000314,2016-07-19,2016-07-20,est phasellus sit,7.25,EUR
1000712,62000212,2016-05-04,2016-05-04,nibh,5.45,USD
1000713,62000127,2016-11-16,2016-12-08,nisl aenean lectus pellentesque,9.48,BYN
1000714,62000400,2016-10-20,2016-11-03,ultricies eu,7.27,USD
1000715,62000169,2016-09-27,2016-10-25,nonummy integer non,7.37,EUR
1000716,62000873,2016-10-18,2016-10-31,et commodo,7.60,USD
1000717,62000987,2016-10-05,2016-10-09,vestibulum,9.01,USD
1000718,62000542,2016-09-16,2016-09-28,pretium iaculis justo in,6.00,EUR
1000719,62000118,2016-09-10,2016-09-21,eget eros elementum,4.21,BYN
1000720,62000572,2016-07-22,2016-07-24,etiam,8.54,USD
1000721,62000861,2017-03-03,2017-03-09,sed,9.11,BYN
1000722,62000132,2017-02-12,2017-02-17,duis mattis egestas,8.12,USD
1000723,62000151,2016-09-21,2016-10-06,praesent blandit nam nulla,3.02,BYN
1000724,62000293,2017-01-14,2017-02-02,at turpis donec posuere,1.25,USD
1000725,62000441,2016-04-30,2016-05-16,aliquam,0.07,EUR
1000726,62000398,2016-09-09,2016-10-06,egestas,6.68,USD
1000727,62000089,2016-05-20,2016-06-07,dignissim,1.97,BYN
1000728,62000437,2016-10-23,2016-11-10,aliquam convallis nunc,0.51,USD
1000729,62000317,2017-02-18,2017-02-27,luctus nec,5.37,BYN
1000730,62000986,2016-04-28,2016-05-05,ipsum aliquam non mauris,2.34,EUR
1000731,62000658,2016-08-20,2016-08-29,tempor convallis nulla,9.03,USD
1000732,62000686,2016-12-31,2017-01-18,non pretium,3.11,EUR
1000733,62000661,2016-09-25,2016-09-27,proin leo odio,6.00,BYN
1000734,62000038,2016-11-19,2016-12-18,nisl duis ac nibh,2.06,BYN
1000735,62000042,2016-07-09,2016-07-13,elit sodales scelerisque,4.54,USD
1000736,62000651,2016-03-30,2016-04-16,sed,9.61,EUR
1000737,62000269,2016-03-24,2016-04-21,condimentum curabitur in,2.32,EUR
1000738,62000449,2016-04-17,2016-04-24,vestibulum ante ipsum,3.97,BYN
1000739,62000012,2016-06-06,2016-06-18,semper interdum mauris ullamcorper,8.30,USD
1000740,62000578,2016-08-26,2016-09-15,in,1.52,EUR
1000741,62000672,2016-10-08,2016-10-09,magna,1.18,BYN
1000742,62000532,2016-05-19,2016-05-19,dolor,3.68,USD
1000743,62000542,2016-04-17,2016-05-05,eget tincidunt eget,8.79,BYN
1000744,62000390,2016-08-15,2016-08-22,nec nisi volutpat,4.08,BYN
1000745,62000612,2017-02-18,2017-03-06,condimentum,9.41,USD
1000746,62000630,2016-08-05,2016-08-08,libero quis orci,3.21,EUR
1000747,62000187,2016-04-26,2016-05-05,pede libero quis orci,0.60,USD
1000748,62000460,2016-04-04,2016-04-29,in,3.96,EUR
1000749,62000927,2016-08-15,2016-08-20,non lectus,5.37,USD
1000750,62000154,2016-07-09,2016-07-15,ultrices,2.86,USD
1000751,62000028,2016-09-13,2016-10-11,ante ipsum primis,7.55,EUR
1000752,62000739,2016-11-21,2016-11-24,fringilla,8.92,BYN
1000753,62000030,2016-03-25,2016-03-29,ipsum,3.77,USD
1000754,62000567,2016-04-24,2016-04-26,in leo,3.81,BYN
1000755,62000310,2017-02-27,2017-03-01,egestas metus,3.02,BYN
1000756,62000705,2016-04-05,2016-04-11,nulla neque,7.24,USD
1000757,62000296,2016-04-20,2016-05-01,mauris sit amet eros,1.64,EUR
1000758,62000974,2017-01-26,2017-02-08,nulla ut erat,4.70,EUR
1000759,62000971,2016-11-29,2016-12-20,enim in tempor,6.97,EUR
1000760,62000160,2016-10-05,2016-10-10,consequat metus,5.78,EUR
1000761,62000307,2016-12-09,2016-12-22,amet,2.48,USD
1000762,62000035,2017-01-14,2017-01-18,enim in,9.80,EUR
1000763,62000867,2016-10-23,2016-11-09,volutpat,5.03,USD
1000764,62000223,2016-08-21,2016-09-01,auctor sed tristique in,0.29,USD
1000765,62000534,2016-04-22,2016-05-22,aliquam sit amet,4.83,BYN
1000766,62000510,2017-01-20,2017-01-22,adipiscing lorem,8.49,USD
1000767,62000455,2016-05-21,2016-06-11,in consequat ut nulla,0.04,BYN
1000768,62000739,2017-01-30,2017-02-26,in faucibus,1.58,EUR
1000769,62000468,2017-02-23,2017-02-28,felis donec semper,7.11,USD
1000770,62000888,2016-05-15,2016-06-13,felis eu sapien cursus,0.38,EUR
1000771,62000549,2017-01-08,2017-01-27,ligula sit amet eleifend,8.62,EUR
1000772,62000111,2016-12-18,2017-01-01,tortor,3.50,USD
1000773,62000686,2016-07-23,2016-08-05,etiam justo,7.39,BYN
1000774,62000705,2016-05-19,2016-06-01,vestibulum rutrum rutrum,9.30,USD
1000775,62000162,2017-01-31,2017-02-21,eget tincidunt eget tempus,4.76,USD
1000776,62000161,2016-08-29,2016-09-10,pede libero,6.62,EUR
1000777,62000083,2016-05-30,2016-06-05,vestibulum,5.14,BYN
1000778,62000390,2016-05-25,2016-05-29,quisque,5.11,EUR
1000779,62000816,2017-02-11,2017-03-02,id nulla ultrices,5.02,EUR
1000780,62000194,2016-10-03,2016-10-21,consequat metus sapien,6.19,BYN
1000781,62000275,2016-03-27,2016-03-29,dolor,6.39,BYN
1000782,62000694,2016-08-07,2016-08-21,enim lorem ipsum,6.89,EUR
1000783,62000062,2016-12-24,2016-12-28,integer non velit donec,6.90,BYN
1000784,62000438,2016-09-20,2016-09-28,turpis enim,6.01,USD
1000785,62000244,2016-04-30,2016-05-16,sit amet diam,6.14,BYN
1000786,62000650,2016-06-04,2016-06-19,nulla integer pede justo,2.46,EUR
1000787,62000565,2017-02-07,2017-02-19,non interdum in ante,3.95,BYN
1000788,62000661,2016-10-06,2016-10-08,est phasellus sit amet,4.08,EUR
1000789,62000478,2016-10-01,2016-10-12,ultrices erat tortor sollicitudin,8.12,USD
1000790,62000639,2016-11-30,2016-12-15,eget,1.64,BYN
1000791,62000712,2016-04-24,2016-05-24,tellus,0.93,EUR
1000792,62000882,2016-08-12,2016-09-01,placerat praesent blandit nam,9.42,USD
1000793,62000208,2016-10-18,2016-10-19,ipsum ac,7.88,EUR
1000794,62000998,2016-07-01,2016-07-12,et eros vestibulum,0.63,BYN
1000795,62000760,2017-02-03,2017-02-08,rutrum neque aenean,8.19,EUR
1000796,62000034,2016-08-01,2016-08-28,lacinia aenean,9.77,EUR
1000797,62000214,2016-11-07,2016-11-09,ut nunc vestibulum,0.34,EUR
1000798,62000849,2017-01-15,2017-01-18,quis justo,0.72,BYN
1000799,62000903,2016-06-16,2016-06-29,id nulla ultrices aliquet,5.61,EUR
1000800,62000235,2016-06-05,2016-06-28,donec,7.12,BYN
1000801,62000776,2016-12-11,2017-01-05,amet,8.89,BYN
1000802,62000801,2016-06-14,2016-07-11,nisi eu orci mauris,2.55,BYN
1000803,62000622,2016-11-28,2016-12-07,metus arcu,4.16,USD
1000804,62000712,2017-01-23,2017-02-19,justo maecenas rhoncus aliquam,7.14,BYN
1000805,62000863,2016-12-12,2017-01-05,viverra eget congue eget,0.54,USD
1000806,62000173,2016-08-19,2016-08-22,integer pede justo,6.23,EUR
1000807,62000420,2016-05-18,2016-05-19,id,9.19,EUR
1000808,62000559,2016-10-21,2016-11-09,egestas metus aenean fermentum,5.59,BYN
1000809,62000772,2016-06-06,2016-07-03,mauris,6.68,BYN
1000810,62000750,2016-05-30,2016-06-27,nunc viverra dapibus,9.31,BYN
1000811,62000358,2016-09-01,2016-09-14,nibh in hac,8.98,EUR
1000812,62000511,2016-07-29,2016-08-20,nisi at nibh in,1.52,USD
1000813,62000089,2016-10-14,2016-11-04,elementum,0.77,EUR
1000814,62000530,2016-03-24,2016-04-22,lacinia sapien,5.68,BYN
1000815,62000091,2016-07-08,2016-07-16,sollicitudin ut suscipit,4.65,BYN
1000816,62000382,2016-07-27,2016-08-11,platea dictumst aliquam augue,7.15,BYN
1000817,62000480,2016-05-20,2016-06-01,ultrices libero non,9.77,BYN
1000818,62000966,2017-03-06,2017-03-07,massa quis augue,9.57,USD
1000819,62000041,2016-08-08,2016-08-10,vivamus vel nulla,8.65,BYN
1000820,62000188,2016-08-09,2016-08-23,malesuada,5.90,USD
1000821,62000595,2016-11-22,2016-11-26,vel,2.50,USD
1000822,62000493,2016-04-11,2016-05-09,dui,8.67,USD
1000823,62000472,2016-04-13,2016-04-18,eros suspendisse accumsan tortor,6.67,BYN
1000824,62000682,2016-03-23,2016-03-31,amet,2.99,EUR
1000825,62000121,2017-01-30,2017-02-08,arcu,3.26,EUR
1000826,62000761,2017-02-23,2017-03-19,rutrum rutrum neque aenean,4.80,BYN
1000827,62000513,2016-12-04,2016-12-24,semper,9.60,BYN
1000828,62000942,2016-10-08,2016-10-25,aenean,1.02,BYN
1000829,62000774,2016-09-17,2016-09-22,dapibus duis at velit,2.32,USD
1000830,62000347,2016-08-03,2016-08-31,rhoncus,2.68,EUR
1000831,62000259,2016-09-17,2016-09-20,cras non velit nec,9.99,BYN
1000832,62000656,2016-10-09,2016-10-10,nulla justo aliquam quis,4.94,EUR
1000833,62000900,2016-11-23,2016-12-12,id ligula suspendisse ornare,3.75,BYN
1000834,62000125,2016-08-06,2016-08-28,fusce,6.93,EUR
1000835,62000741,2017-02-08,2017-02-24,tortor id nulla ultrices,7.39,USD
1000836,62000746,2016-12-18,2016-12-23,sodales sed tincidunt,9.11,USD
1000837,62000806,2016-11-02,2016-11-25,sapien cum sociis,8.74,EUR
1000838,62000508,2016-04-10,2016-04-11,convallis tortor risus,5.12,BYN
1000839,62000754,2016-05-24,2016-06-10,iaculis diam,0.26,BYN
1000840,62000689,2016-08-12,2016-09-11,tincidunt,7.10,EUR
1000841,62000553,2016-09-22,2016-10-22,mus etiam,4.95,USD
1000842,62000682,2016-09-04,2016-09-05,pede justo lacinia,6.18,EUR
1000843,62000507,2017-01-30,2017-01-30,lacinia,2.05,EUR
1000844,62000264,2016-05-27,2016-06-22,nunc donec quis,0.70,USD
1000845,62000829,2016-12-20,2017-01-03,velit,8.42,EUR
1000846,62000841,2016-12-14,2016-12-14,erat vestibulum sed,7.64,USD
1000847,62000797,2016-07-18,2016-07-24,justo etiam pretium,8.80,EUR
1000848,62000166,2016-07-01,2016-07-06,magna at,7.19,EUR
1000849,62000903,2016-12-06,2016-12-13,mauris non ligula,9.56,EUR
1000850,62000455,2016-08-23,2016-09-18,luctus nec molestie,1.43,BYN
1000851,62000870,2016-07-26,2016-08-14,tincidunt,7.66,USD
1000852,62000812,2017-02-21,2017-03-20,habitasse platea dictumst aliquam,7.53,EUR
1000853,62000030,2016-08-17,2016-08-23,vestibulum rutrum rutrum neque,0.14,USD
1000854,62000874,2016-10-13,2016-10-15,nunc vestibulum ante ipsum,0.78,BYN
1000855,62000583,2016-09-06,2016-09-30,donec ut,2.24,EUR
1000856,62000126,2016-06-24,2016-06-25,nec nisi vulputate,5.63,BYN
1000857,62000773,2017-01-17,2017-02-07,risus auctor,1.20,BYN
1000858,62000574,2017-03-01,2017-03-12,blandit,5.94,BYN
1000859,62000830,2016-09-20,2016-10-17,ante ipsum,5.04,BYN
1000860,62000849,2016-08-08,2016-09-07,nulla ac enim,0.49,BYN
1000861,62000885,2016-07-24,2016-07-28,rutrum nulla nunc,4.73,BYN
1000862,62000778,2017-01-06,2017-01-06,amet,8.79,USD
1000863,62000311,2016-12-23,2017-01-09,nibh in,4.14,BYN
1000864,62000488,2017-03-01,2017-03-08,lobortis ligula sit amet,8.54,EUR
1000865,62000649,2016-05-02,2016-05-04,luctus et ultrices,4.02,BYN
1000866,62000114,2016-09-24,2016-10-05,aliquam quis turpis,4.65,EUR
1000867,62000312,2017-03-06,2017-03-12,lacus at,6.72,BYN
1000868,62000589,2017-03-10,2017-03-31,vulputate,6.71,BYN
1000869,62000459,2016-11-13,2016-11-18,pretium iaculis diam erat,2.37,USD
1000870,62000109,2016-06-23,2016-07-10,sit amet cursus,5.04,USD
1000871,62000833,2016-08-23,2016-09-07,dictumst morbi vestibulum velit,3.42,USD
1000872,62000494,2016-12-15,2017-01-14,at vulputate vitae,0.98,EUR
1000873,62000133,2016-10-30,2016-11-28,sapien,1.84,EUR
1000874,62000093,2016-09-05,2016-09-27,ipsum,0.82,EUR
1000875,62000462,2016-04-03,2016-04-04,orci luctus et ultrices,3.12,EUR
1000876,62000069,2017-02-17,2017-03-11,dis parturient montes,1.28,EUR
1000877,62000307,2017-03-07,2017-03-19,duis,9.58,USD
1000878,62000526,2016-06-05,2016-06-20,magna bibendum imperdiet nullam,3.28,USD
1000879,62000538,2017-01-24,2017-02-10,ac nulla sed,2.37,USD
1000880,62000449,2016-07-06,2016-07-11,quam pharetra,2.85,USD
1000881,62000742,2016-08-31,2016-09-27,donec,5.74,BYN
1000882,62000307,2016-04-26,2016-05-05,vulputate vitae nisl aenean,1.03,BYN
1000883,62000404,2016-07-31,2016-08-12,turpis nec euismod,3.04,EUR
1000884,62000089,2016-05-03,2016-05-20,elementum nullam varius,2.76,USD
1000885,62000318,2016-10-19,2016-10-30,lorem ipsum,4.42,EUR
1000886,62000639,2016-11-15,2016-12-04,nunc,7.52,USD
1000887,62000494,2017-02-14,2017-03-04,nisi eu orci mauris,6.07,USD
1000888,62000610,2016-11-13,2016-11-13,et commodo vulputate,4.72,BYN
1000889,62000929,2016-07-19,2016-08-07,blandit nam,6.40,BYN
1000890,62000564,2016-06-14,2016-07-05,nunc vestibulum ante ipsum,7.68,USD
1000891,62000797,2016-09-11,2016-09-12,luctus nec molestie sed,8.87,EUR
1000892,62000970,2016-06-14,2016-07-04,sit amet,6.56,EUR
1000893,62000236,2016-03-25,2016-04-07,blandit mi in porttitor,8.15,USD
1000894,62000344,2016-11-21,2016-12-20,id sapien in,2.07,USD
1000895,62000555,2016-08-22,2016-09-02,amet cursus,0.45,USD
1000896,62000483,2016-12-31,2017-01-23,tortor duis mattis,5.00,USD
1000897,62000938,2016-06-03,2016-06-25,vestibulum,7.78,BYN
1000898,62000124,2017-01-26,2017-02-10,ut,8.30,USD
1000899,62000891,2016-09-08,2016-09-17,quam pede,0.34,EUR
1000900,62000793,2016-11-18,2016-12-14,elementum in hac habitasse,4.87,BYN
1000901,62000365,2016-12-01,2016-12-26,pede,1.80,EUR
1000902,62000145,2016-11-18,2016-12-13,libero quis,0.93,EUR
1000903,62000191,2016-09-25,2016-10-01,ante vivamus,0.17,USD
1000904,62000991,2016-09-30,2016-10-20,neque,4.00,EUR
1000905,62000182,2016-07-24,2016-08-02,sem praesent id massa,6.82,USD
1000906,62000906,2017-02-25,2017-03-01,accumsan odio curabitur,7.74,EUR
1000907,62000198,2016-11-17,2016-11-19,faucibus orci luctus et,7.66,EUR
1000908,62000822,2016-09-14,2016-10-03,nascetur ridiculus mus,2.18,USD
1000909,62000395,2016-12-05,2016-12-31,auctor,0.00,EUR
1000910,62000654,2016-04-06,2016-05-03,diam in magna,1.00,USD
1000911,62000138,2016-03-23,2016-03-30,vivamus,3.71,EUR
1000912,62000136,2016-04-07,2016-04-28,cubilia curae nulla dapibus,3.68,EUR
1000913,62000667,2017-02-10,2017-02-19,mattis,1.30,EUR
1000914,62000911,2016-06-16,2016-07-11,sed interdum venenatis turpis,4.82,EUR
1000915,62000996,2016-07-11,2016-08-07,lectus in quam fringilla,3.83,USD
1000916,62000317,2017-01-23,2017-02-07,tincidunt ante vel,1.52,USD
1000917,62000092,2017-03-04,2017-03-22,felis,0.04,BYN
1000918,62000791,2016-05-23,2016-05-27,quis odio consequat varius,2.78,BYN
1000919,62000983,2016-04-20,2016-04-27,turpis sed ante,4.51,EUR
1000920,62000295,2017-02-08,2017-03-07,ac est,0.35,EUR
1000921,62000878,2016-03-19,2016-03-31,augue vel,2.03,BYN
1000922,62000048,2016-04-05,2016-04-13,purus aliquet,4.75,EUR
1000923,62000583,2016-11-26,2016-12-08,orci nullam molestie,1.43,USD
1000924,62000667,2016-03-21,2016-04-03,erat,2.07,USD
1000925,62000024,2016-05-12,2016-06-03,velit id pretium iaculis,1.56,EUR
1000926,62000107,2016-11-09,2016-12-06,arcu,6.74,EUR
1000927,62000488,2016-09-29,2016-10-06,nam nulla integer pede,3.13,EUR
1000928,62000679,2016-12-31,2017-01-29,non mauris morbi non,5.49,USD
1000929,62000915,2017-02-10,2017-03-07,ullamcorper,9.27,EUR
1000930,62000847,2016-07-02,2016-07-25,in faucibus orci,8.14,EUR
1000931,62000742,2017-01-18,2017-01-29,phasellus in,3.87,USD
1000932,62000362,2016-04-11,2016-05-01,convallis eget eleifend,5.26,BYN
1000933,62000246,2016-09-20,2016-10-19,fusce congue diam,3.08,USD
1000934,62000968,2016-05-06,2016-05-08,quam nec dui,4.42,USD
1000935,62000697,2016-12-18,2017-01-17,posuere cubilia curae nulla,9.96,EUR
1000936,62000615,2016-05-17,2016-06-15,vel nulla eget eros,7.93,EUR
1000937,62000559,2016-07-19,2016-07-29,integer non velit,5.66,USD
1000938,62000907,2016-10-26,2016-11-01,dolor morbi,9.50,USD
1000939,62000021,2016-03-27,2016-03-27,eros suspendisse accumsan,3.55,EUR
1000940,62000329,2017-03-14,2017-03-15,odio in,6.50,USD
1000941,62000985,2016-10-25,2016-11-04,leo odio porttitor,9.77,BYN
1000942,62000027,2017-01-15,2017-01-24,vestibulum sit amet,5.66,USD
1000943,62000241,2017-02-14,2017-03-15,nullam orci pede venenatis,5.24,USD
1000944,62000974,2017-03-05,2017-03-28,laoreet ut rhoncus,9.04,BYN
1000945,62000669,2016-05-06,2016-05-08,vulputate justo,2.75,USD
1000946,62000684,2016-10-07,2016-10-30,nulla,1.12,BYN
1000947,62000114,2016-08-23,2016-09-22,blandit nam nulla integer,9.41,BYN
1000948,62000727,2016-03-18,2016-04-14,est et tempus,9.35,USD
1000949,62000073,2016-10-22,2016-11-04,lorem integer,7.10,EUR
1000950,62000472,2016-04-29,2016-04-30,bibendum morbi non,1.43,USD
1000951,62000134,2016-06-29,2016-07-02,ultrices enim,1.67,EUR
1000952,62000312,2017-01-30,2017-02-15,mi,5.16,BYN
1000953,62000284,2016-07-18,2016-08-12,consequat,6.95,BYN
1000954,62000873,2016-10-07,2016-11-05,odio condimentum,9.04,USD
1000955,62000844,2016-12-12,2017-01-03,sed tristique in,2.36,BYN
1000956,62000434,2016-08-23,2016-08-23,in quam fringilla rhoncus,4.44,BYN
1000957,62000690,2016-10-29,2016-11-03,nascetur ridiculus mus,3.48,USD
1000958,62000615,2016-07-23,2016-08-04,quis justo maecenas,5.61,BYN
1000959,62000114,2016-06-18,2016-06-28,cum,0.91,BYN
1000960,62000521,2016-06-29,2016-07-17,ut dolor morbi,4.80,USD
1000961,62000739,2016-11-18,2016-11-21,dui vel nisl,1.48,USD
1000962,62000790,2016-11-16,2016-11-25,magna vestibulum,5.64,USD
1000963,62000312,2016-11-01,2016-11-21,in purus eu magna,0.86,USD
1000964,62000306,2016-08-27,2016-08-31,dui vel nisl duis,5.87,USD
1000965,62000480,2017-01-24,2017-02-02,bibendum imperdiet nullam,6.37,USD
1000966,62000047,2016-04-01,2016-04-25,rhoncus dui vel,1.41,EUR
1000967,62000277,2016-03-30,2016-03-30,ultrices erat tortor,3.26,USD
1000968,62000970,2016-07-08,2016-07-12,nibh,2.73,USD
1000969,62000785,2016-05-29,2016-06-06,ac tellus,9.83,USD
1000970,62000408,2017-02-10,2017-03-03,curae mauris,8.71,EUR
1000971,62000414,2016-05-25,2016-06-06,dolor sit amet,4.95,BYN
1000972,62000478,2016-08-05,2016-08-17,massa tempor convallis,9.72,USD
1000973,62000574,2016-05-30,2016-06-20,molestie nibh in,2.99,USD
1000974,62000869,2016-04-11,2016-05-06,quis turpis sed ante,9.79,BYN
1000975,62000372,2017-03-14,2017-03-26,suspendisse,7.37,BYN
1000976,62000155,2016-10-08,2016-10-12,amet cursus id turpis,0.20,EUR
1000977,62000067,2016-11-27,2016-12-16,nulla dapibus,0.34,USD
1000978,62000811,2016-07-05,2016-07-31,lobortis ligula sit amet,2.94,BYN
1000979,62000086,2016-08-12,2016-09-06,sem fusce,6.59,USD
1000980,62000307,2016-12-23,2016-12-25,id,8.17,USD
1000981,62000925,2016-09-05,2016-10-01,pellentesque,6.67,BYN
1000982,62000703,2016-03-21,2016-04-17,dolor morbi,7.07,USD
1000983,62000574,2016-07-09,2016-07-28,id mauris,9.66,BYN
1000984,62000662,2016-11-04,2016-11-30,mauris sit amet,3.90,USD
1000985,62000797,2016-06-21,2016-07-08,accumsan tellus nisi eu,7.69,USD
1000986,62000367,2016-04-23,2016-05-05,quam sollicitudin,5.11,EUR
1000987,62000515,2016-07-26,2016-08-22,dolor,2.43,USD
1000988,62000518,2016-05-18,2016-06-14,primis,1.86,BYN
1000989,62000619,2017-02-19,2017-02-21,vehicula consequat,4.00,BYN
1000990,62000477,2016-05-15,2016-06-10,rutrum,9.27,EUR
1000991,62000476,2017-03-05,2017-03-12,accumsan felis ut at,6.62,EUR
1000992,62000987,2016-12-02,2016-12-05,volutpat dui maecenas,6.36,BYN
1000993,62000224,2016-09-19,2016-10-03,dolor morbi vel lectus,3.67,BYN
1000994,62000471,2016-05-06,2016-05-30,integer ac neque,5.06,BYN
1000995,62000169,2017-01-16,2017-01-30,commodo,8.68,EUR
1000996,62000135,2016-03-19,2016-04-02,donec vitae,3.07,BYN
1000997,62000366,2016-12-23,2017-01-10,nunc viverra,0.84,EUR
1000998,62000416,2016-05-31,2016-06-15,aliquet at feugiat non,2.93,BYN
1000999,62000993,2016-10-10,2016-11-09,mauris laoreet,9.20,USD
